1351645880.449,steps_curr,"(34.422467814657814, ['vertex2', 'vertex6', 'vertex3', 'vertex5', 'vertex4'])"
1351645880.449,steps_avg,"(34.422467814657814, ['vertex2', 'vertex6', 'vertex3', 'vertex5', 'vertex4'])"
1351645880.449,steps_max,"(34.422467814657814, ['vertex2', 'vertex6', 'vertex3', 'vertex5', 'vertex4'])"
1351645880.449,steps_min,"(34.422467814657814, ['vertex2', 'vertex6', 'vertex3', 'vertex5', 'vertex4'])"
1351645880.449,steps_lrtdp,"(34.422467814657814, ['vertex2', 'vertex6', 'vertex3', 'vertex5', 'vertex4'])"
1351648487.29,steps_curr,"(29.622467814657817, ['vertex2', 'vertex6', 'vertex3', 'vertex5', 'vertex4'])"
1351648487.29,steps_avg,"(29.622467814657817, ['vertex2', 'vertex6', 'vertex3', 'vertex5', 'vertex4'])"
1351648487.29,steps_max,"(29.622467814657817, ['vertex2', 'vertex6', 'vertex3', 'vertex5', 'vertex4'])"
1351648487.29,steps_min,"(29.622467814657817, ['vertex2', 'vertex6', 'vertex3', 'vertex5', 'vertex4'])"
1351648487.29,steps_lrtdp,"(29.622467814657817, ['vertex2', 'vertex6', 'vertex3', 'vertex5', 'vertex4'])"
1351650824.113,steps_curr,"(50.022467814657816, ['vertex2', 'vertex6', 'vertex3', 'vertex5', 'vertex4'])"
1351650824.113,steps_avg,"(50.022467814657816, ['vertex2', 'vertex6', 'vertex3', 'vertex5', 'vertex4'])"
1351650824.113,steps_max,"(50.022467814657816, ['vertex2', 'vertex6', 'vertex3', 'vertex5', 'vertex4'])"
1351650824.113,steps_min,"(50.022467814657816, ['vertex2', 'vertex6', 'vertex3', 'vertex5', 'vertex4'])"
1351650824.113,steps_lrtdp,"(50.022467814657816, ['vertex2', 'vertex6', 'vertex3', 'vertex5', 'vertex4'])"
1351647662.708,steps_curr,"(26.022467814657816, ['vertex2', 'vertex6', 'vertex3', 'vertex5', 'vertex4'])"
1351647662.708,steps_avg,"(26.022467814657816, ['vertex2', 'vertex6', 'vertex3', 'vertex5', 'vertex4'])"
1351647662.708,steps_max,"(26.022467814657816, ['vertex2', 'vertex6', 'vertex3', 'vertex5', 'vertex4'])"
1351647662.708,steps_min,"(26.022467814657816, ['vertex2', 'vertex6', 'vertex3', 'vertex5', 'vertex4'])"
1351647662.708,steps_lrtdp,"(26.022467814657816, ['vertex2', 'vertex6', 'vertex3', 'vertex5', 'vertex4'])"
1351649640.287,steps_curr,"(26.022467814657816, ['vertex2', 'vertex6', 'vertex3', 'vertex5', 'vertex4'])"
1351649640.287,steps_avg,"(26.022467814657816, ['vertex2', 'vertex6', 'vertex3', 'vertex5', 'vertex4'])"
1351649640.287,steps_max,"(26.022467814657816, ['vertex2', 'vertex6', 'vertex3', 'vertex5', 'vertex4'])"
1351649640.287,steps_min,"(26.022467814657816, ['vertex2', 'vertex6', 'vertex3', 'vertex5', 'vertex4'])"
1351649640.287,steps_lrtdp,"(26.022467814657816, ['vertex2', 'vertex6', 'vertex3', 'vertex5', 'vertex4'])"
1351642551.091,steps_curr,"(41.51204932991906, ['vertex2', 'vertex3', 'vertex6', 'vertex5', 'vertex4'])"
1351642551.091,steps_avg,"(40.42246781465782, ['vertex2', 'vertex6', 'vertex3', 'vertex5', 'vertex4'])"
1351642551.091,steps_max,"(40.42246781465782, ['vertex2', 'vertex6', 'vertex3', 'vertex5', 'vertex4'])"
1351642551.091,steps_min,"(40.42246781465782, ['vertex2', 'vertex6', 'vertex3', 'vertex5', 'vertex4'])"
1351642551.091,steps_lrtdp,"(40.42246781465782, ['vertex2', 'vertex6', 'vertex3', 'vertex5', 'vertex4'])"
1351642911.789,steps_curr,"(38.022467814657816, ['vertex2', 'vertex6', 'vertex3', 'vertex5', 'vertex4'])"
1351642911.789,steps_avg,"(38.022467814657816, ['vertex2', 'vertex6', 'vertex3', 'vertex5', 'vertex4'])"
1351642911.789,steps_max,"(38.022467814657816, ['vertex2', 'vertex6', 'vertex3', 'vertex5', 'vertex4'])"
1351642911.789,steps_min,"(38.022467814657816, ['vertex2', 'vertex6', 'vertex3', 'vertex5', 'vertex4'])"
1351642911.789,steps_lrtdp,"(38.022467814657816, ['vertex2', 'vertex6', 'vertex3', 'vertex5', 'vertex4'])"
1351643634.003,steps_curr,"(40.312049329919056, ['vertex2', 'vertex3', 'vertex6', 'vertex5', 'vertex4'])"
1351643634.003,steps_avg,"(36.82246781465781, ['vertex2', 'vertex6', 'vertex3', 'vertex5', 'vertex4'])"
1351643634.003,steps_max,"(36.82246781465781, ['vertex2', 'vertex6', 'vertex3', 'vertex5', 'vertex4'])"
1351643634.003,steps_min,"(36.82246781465781, ['vertex2', 'vertex6', 'vertex3', 'vertex5', 'vertex4'])"
1351643634.003,steps_lrtdp,"(36.82246781465781, ['vertex2', 'vertex6', 'vertex3', 'vertex5', 'vertex4'])"
1351647621.701,steps_curr,"(34.312049329919056, ['vertex2', 'vertex3', 'vertex6', 'vertex5', 'vertex4'])"
1351647621.701,steps_avg,"(34.422467814657814, ['vertex2', 'vertex6', 'vertex3', 'vertex5', 'vertex4'])"
1351647621.701,steps_max,"(34.422467814657814, ['vertex2', 'vertex6', 'vertex3', 'vertex5', 'vertex4'])"
1351647621.701,steps_min,"(34.422467814657814, ['vertex2', 'vertex6', 'vertex3', 'vertex5', 'vertex4'])"
1351647621.701,steps_lrtdp,"(34.422467814657814, ['vertex2', 'vertex6', 'vertex3', 'vertex5', 'vertex4'])"
1351642988.578,steps_curr,"(42.3091008939861, ['vertex6', 'vertex2', 'vertex3', 'vertex5', 'vertex4'])"
1351642988.578,steps_avg,"(30.822467814657813, ['vertex2', 'vertex6', 'vertex3', 'vertex5', 'vertex4'])"
1351642988.578,steps_max,"(30.822467814657813, ['vertex2', 'vertex6', 'vertex3', 'vertex5', 'vertex4'])"
1351642988.578,steps_min,"(30.822467814657813, ['vertex2', 'vertex6', 'vertex3', 'vertex5', 'vertex4'])"
1351642988.578,steps_lrtdp,"(30.822467814657813, ['vertex2', 'vertex6', 'vertex3', 'vertex5', 'vertex4'])"
1351647496.913,steps_curr,"(36.82246781465781, ['vertex2', 'vertex6', 'vertex3', 'vertex5', 'vertex4'])"
1351647496.913,steps_avg,"(36.82246781465781, ['vertex2', 'vertex6', 'vertex3', 'vertex5', 'vertex4'])"
1351647496.913,steps_max,"(36.82246781465781, ['vertex2', 'vertex6', 'vertex3', 'vertex5', 'vertex4'])"
1351647496.913,steps_min,"(36.82246781465781, ['vertex2', 'vertex6', 'vertex3', 'vertex5', 'vertex4'])"
1351647496.913,steps_lrtdp,"(36.82246781465781, ['vertex2', 'vertex6', 'vertex3', 'vertex5', 'vertex4'])"
1351646823.863,steps_curr,"(29.622467814657817, ['vertex2', 'vertex6', 'vertex3', 'vertex5', 'vertex4'])"
1351646823.863,steps_avg,"(29.622467814657817, ['vertex2', 'vertex6', 'vertex3', 'vertex5', 'vertex4'])"
1351646823.863,steps_max,"(29.622467814657817, ['vertex2', 'vertex6', 'vertex3', 'vertex5', 'vertex4'])"
1351646823.863,steps_min,"(29.622467814657817, ['vertex2', 'vertex6', 'vertex3', 'vertex5', 'vertex4'])"
1351646823.863,steps_lrtdp,"(29.622467814657817, ['vertex2', 'vertex6', 'vertex3', 'vertex5', 'vertex4'])"
1351648848.87,steps_curr,"(33.22246781465782, ['vertex2', 'vertex6', 'vertex3', 'vertex5', 'vertex4'])"
1351648848.87,steps_avg,"(33.22246781465782, ['vertex2', 'vertex6', 'vertex3', 'vertex5', 'vertex4'])"
1351648848.87,steps_max,"(33.22246781465782, ['vertex2', 'vertex6', 'vertex3', 'vertex5', 'vertex4'])"
1351648848.87,steps_min,"(33.22246781465782, ['vertex2', 'vertex6', 'vertex3', 'vertex5', 'vertex4'])"
1351648848.87,steps_lrtdp,"(33.22246781465782, ['vertex2', 'vertex6', 'vertex3', 'vertex5', 'vertex4'])"
1351647896.34,steps_curr,"(41.51204932991906, ['vertex2', 'vertex3', 'vertex6', 'vertex5', 'vertex4'])"
1351647896.34,steps_avg,"(40.422467814657814, ['vertex2', 'vertex6', 'vertex3', 'vertex5', 'vertex4'])"
1351647896.34,steps_max,"(40.422467814657814, ['vertex2', 'vertex6', 'vertex3', 'vertex5', 'vertex4'])"
1351647896.34,steps_min,"(40.422467814657814, ['vertex2', 'vertex6', 'vertex3', 'vertex5', 'vertex4'])"
1351647896.34,steps_lrtdp,"(40.422467814657814, ['vertex2', 'vertex6', 'vertex3', 'vertex5', 'vertex4'])"
1351647322.443,steps_curr,"(55.91204932991906, ['vertex2', 'vertex3', 'vertex6', 'vertex5', 'vertex4'])"
1351647322.443,steps_avg,"(58.422467814657814, ['vertex2', 'vertex6', 'vertex3', 'vertex5', 'vertex4'])"
1351647322.443,steps_max,"(58.422467814657814, ['vertex2', 'vertex6', 'vertex3', 'vertex5', 'vertex4'])"
1351647322.443,steps_min,"(58.422467814657814, ['vertex2', 'vertex6', 'vertex3', 'vertex5', 'vertex4'])"
1351647322.443,steps_lrtdp,"(45.653250233910896, ['vertex2', 'vertex1', 'vertex2', 'vertex6', 'vertex3', 'vertex5', 'vertex4'])"
1351651269.399,steps_curr,"(32.022467814657816, ['vertex2', 'vertex6', 'vertex3', 'vertex5', 'vertex4'])"
1351651269.399,steps_avg,"(32.022467814657816, ['vertex2', 'vertex6', 'vertex3', 'vertex5', 'vertex4'])"
1351651269.399,steps_max,"(32.022467814657816, ['vertex2', 'vertex6', 'vertex3', 'vertex5', 'vertex4'])"
1351651269.399,steps_min,"(32.022467814657816, ['vertex2', 'vertex6', 'vertex3', 'vertex5', 'vertex4'])"
1351651269.399,steps_lrtdp,"(32.022467814657816, ['vertex2', 'vertex6', 'vertex3', 'vertex5', 'vertex4'])"
1351650104.649,steps_curr,"(35.51204932991906, ['vertex2', 'vertex3', 'vertex6', 'vertex5', 'vertex4'])"
1351650104.649,steps_avg,"(35.62246781465782, ['vertex2', 'vertex6', 'vertex3', 'vertex5', 'vertex4'])"
1351650104.649,steps_max,"(35.62246781465782, ['vertex2', 'vertex6', 'vertex3', 'vertex5', 'vertex4'])"
1351650104.649,steps_min,"(35.62246781465782, ['vertex2', 'vertex6', 'vertex3', 'vertex5', 'vertex4'])"
1351650104.649,steps_lrtdp,"(35.62246781465782, ['vertex2', 'vertex6', 'vertex3', 'vertex5', 'vertex4'])"
1351647423.197,steps_curr,"(59.1091008939861, ['vertex6', 'vertex2', 'vertex3', 'vertex5', 'vertex4'])"
1351647423.197,steps_avg,"(46.422467814657814, ['vertex2', 'vertex6', 'vertex3', 'vertex5', 'vertex4'])"
1351647423.197,steps_max,"(46.422467814657814, ['vertex2', 'vertex6', 'vertex3', 'vertex5', 'vertex4'])"
1351647423.197,steps_min,"(46.422467814657814, ['vertex2', 'vertex6', 'vertex3', 'vertex5', 'vertex4'])"
1351647423.197,steps_lrtdp,"(46.422467814657814, ['vertex2', 'vertex6', 'vertex3', 'vertex5', 'vertex4'])"
1351645504.978,steps_curr,"(26.022467814657816, ['vertex2', 'vertex6', 'vertex3', 'vertex5', 'vertex4'])"
1351645504.978,steps_avg,"(26.022467814657816, ['vertex2', 'vertex6', 'vertex3', 'vertex5', 'vertex4'])"
1351645504.978,steps_max,"(26.022467814657816, ['vertex2', 'vertex6', 'vertex3', 'vertex5', 'vertex4'])"
1351645504.978,steps_min,"(26.022467814657816, ['vertex2', 'vertex6', 'vertex3', 'vertex5', 'vertex4'])"
1351645504.978,steps_lrtdp,"(26.022467814657816, ['vertex2', 'vertex6', 'vertex3', 'vertex5', 'vertex4'])"
1351646262.7,steps_curr,"(34.42246781465782, ['vertex2', 'vertex6', 'vertex3', 'vertex5', 'vertex4'])"
1351646262.7,steps_avg,"(34.42246781465782, ['vertex2', 'vertex6', 'vertex3', 'vertex5', 'vertex4'])"
1351646262.7,steps_max,"(34.42246781465782, ['vertex2', 'vertex6', 'vertex3', 'vertex5', 'vertex4'])"
1351646262.7,steps_min,"(34.42246781465782, ['vertex2', 'vertex6', 'vertex3', 'vertex5', 'vertex4'])"
1351646262.7,steps_lrtdp,"(34.42246781465782, ['vertex2', 'vertex6', 'vertex3', 'vertex5', 'vertex4'])"
1351648025.963,steps_curr,"(35.62246781465782, ['vertex2', 'vertex6', 'vertex3', 'vertex5', 'vertex4'])"
1351648025.963,steps_avg,"(35.62246781465782, ['vertex2', 'vertex6', 'vertex3', 'vertex5', 'vertex4'])"
1351648025.963,steps_max,"(35.62246781465782, ['vertex2', 'vertex6', 'vertex3', 'vertex5', 'vertex4'])"
1351648025.963,steps_min,"(35.62246781465782, ['vertex2', 'vertex6', 'vertex3', 'vertex5', 'vertex4'])"
1351648025.963,steps_lrtdp,"(35.62246781465782, ['vertex2', 'vertex6', 'vertex3', 'vertex5', 'vertex4'])"
1351649260.912,steps_curr,"(26.022467814657816, ['vertex2', 'vertex6', 'vertex3', 'vertex5', 'vertex4'])"
1351649260.912,steps_avg,"(26.022467814657816, ['vertex2', 'vertex6', 'vertex3', 'vertex5', 'vertex4'])"
1351649260.912,steps_max,"(26.022467814657816, ['vertex2', 'vertex6', 'vertex3', 'vertex5', 'vertex4'])"
1351649260.912,steps_min,"(26.022467814657816, ['vertex2', 'vertex6', 'vertex3', 'vertex5', 'vertex4'])"
1351649260.912,steps_lrtdp,"(26.022467814657816, ['vertex2', 'vertex6', 'vertex3', 'vertex5', 'vertex4'])"
1351649695.218,steps_curr,"(29.51204932991906, ['vertex2', 'vertex3', 'vertex6', 'vertex5', 'vertex4'])"
1351649695.218,steps_avg,"(26.022467814657816, ['vertex2', 'vertex6', 'vertex3', 'vertex5', 'vertex4'])"
1351649695.218,steps_max,"(26.022467814657816, ['vertex2', 'vertex6', 'vertex3', 'vertex5', 'vertex4'])"
1351649695.218,steps_min,"(26.022467814657816, ['vertex2', 'vertex6', 'vertex3', 'vertex5', 'vertex4'])"
1351649695.218,steps_lrtdp,"(26.022467814657816, ['vertex2', 'vertex6', 'vertex3', 'vertex5', 'vertex4'])"
1351650266.75,steps_curr,"(34.312049329919056, ['vertex2', 'vertex3', 'vertex6', 'vertex5', 'vertex4'])"
1351650266.75,steps_avg,"(33.22246781465782, ['vertex2', 'vertex6', 'vertex3', 'vertex5', 'vertex4'])"
1351650266.75,steps_max,"(33.22246781465782, ['vertex2', 'vertex6', 'vertex3', 'vertex5', 'vertex4'])"
1351650266.75,steps_min,"(33.22246781465782, ['vertex2', 'vertex6', 'vertex3', 'vertex5', 'vertex4'])"
1351650266.75,steps_lrtdp,"(33.22246781465782, ['vertex2', 'vertex6', 'vertex3', 'vertex5', 'vertex4'])"
1351647935.241,steps_curr,"(33.22246781465782, ['vertex2', 'vertex6', 'vertex3', 'vertex5', 'vertex4'])"
1351647935.241,steps_avg,"(33.22246781465782, ['vertex2', 'vertex6', 'vertex3', 'vertex5', 'vertex4'])"
1351647935.241,steps_max,"(33.22246781465782, ['vertex2', 'vertex6', 'vertex3', 'vertex5', 'vertex4'])"
1351647935.241,steps_min,"(33.22246781465782, ['vertex2', 'vertex6', 'vertex3', 'vertex5', 'vertex4'])"
1351647935.241,steps_lrtdp,"(32.958688610793914, ['vertex2', 'vertex3', 'vertex6', 'vertex3', 'vertex5', 'vertex4'])"
1351650953.576,steps_curr,"(40.42246781465782, ['vertex2', 'vertex6', 'vertex3', 'vertex5', 'vertex4'])"
1351650953.576,steps_avg,"(40.42246781465782, ['vertex2', 'vertex6', 'vertex3', 'vertex5', 'vertex4'])"
1351650953.576,steps_max,"(40.42246781465782, ['vertex2', 'vertex6', 'vertex3', 'vertex5', 'vertex4'])"
1351650953.576,steps_min,"(40.42246781465782, ['vertex2', 'vertex6', 'vertex3', 'vertex5', 'vertex4'])"
1351650953.576,steps_lrtdp,"(40.42246781465782, ['vertex2', 'vertex6', 'vertex3', 'vertex5', 'vertex4'])"
1351651135.46,steps_curr,"(34.422467814657814, ['vertex2', 'vertex6', 'vertex3', 'vertex5', 'vertex4'])"
1351651135.46,steps_avg,"(34.422467814657814, ['vertex2', 'vertex6', 'vertex3', 'vertex5', 'vertex4'])"
1351651135.46,steps_max,"(34.422467814657814, ['vertex2', 'vertex6', 'vertex3', 'vertex5', 'vertex4'])"
1351651135.46,steps_min,"(34.422467814657814, ['vertex2', 'vertex6', 'vertex3', 'vertex5', 'vertex4'])"
1351651135.46,steps_lrtdp,"(34.422467814657814, ['vertex2', 'vertex6', 'vertex3', 'vertex5', 'vertex4'])"
1351647144.02,steps_curr,"(29.51204932991906, ['vertex2', 'vertex3', 'vertex6', 'vertex5', 'vertex4'])"
1351647144.02,steps_avg,"(26.022467814657816, ['vertex2', 'vertex6', 'vertex3', 'vertex5', 'vertex4'])"
1351647144.02,steps_max,"(26.022467814657816, ['vertex2', 'vertex6', 'vertex3', 'vertex5', 'vertex4'])"
1351647144.02,steps_min,"(26.022467814657816, ['vertex2', 'vertex6', 'vertex3', 'vertex5', 'vertex4'])"
1351647144.02,steps_lrtdp,"(26.022467814657816, ['vertex2', 'vertex6', 'vertex3', 'vertex5', 'vertex4'])"
1351651243.527,steps_curr,"(28.422467814657814, ['vertex2', 'vertex6', 'vertex3', 'vertex5', 'vertex4'])"
1351651243.527,steps_avg,"(28.422467814657814, ['vertex2', 'vertex6', 'vertex3', 'vertex5', 'vertex4'])"
1351651243.527,steps_max,"(28.422467814657814, ['vertex2', 'vertex6', 'vertex3', 'vertex5', 'vertex4'])"
1351651243.527,steps_min,"(28.422467814657814, ['vertex2', 'vertex6', 'vertex3', 'vertex5', 'vertex4'])"
1351651243.527,steps_lrtdp,"(28.422467814657814, ['vertex2', 'vertex6', 'vertex3', 'vertex5', 'vertex4'])"
1351643108.122,steps_curr,"(27.22246781465782, ['vertex2', 'vertex6', 'vertex3', 'vertex5', 'vertex4'])"
1351643108.122,steps_avg,"(27.22246781465782, ['vertex2', 'vertex6', 'vertex3', 'vertex5', 'vertex4'])"
1351643108.122,steps_max,"(27.22246781465782, ['vertex2', 'vertex6', 'vertex3', 'vertex5', 'vertex4'])"
1351643108.122,steps_min,"(27.22246781465782, ['vertex2', 'vertex6', 'vertex3', 'vertex5', 'vertex4'])"
1351643108.122,steps_lrtdp,"(27.22246781465782, ['vertex2', 'vertex6', 'vertex3', 'vertex5', 'vertex4'])"
1351651191.282,steps_curr,"(34.42246781465782, ['vertex2', 'vertex6', 'vertex3', 'vertex5', 'vertex4'])"
1351651191.282,steps_avg,"(34.42246781465782, ['vertex2', 'vertex6', 'vertex3', 'vertex5', 'vertex4'])"
1351651191.282,steps_max,"(34.42246781465782, ['vertex2', 'vertex6', 'vertex3', 'vertex5', 'vertex4'])"
1351651191.282,steps_min,"(34.42246781465782, ['vertex2', 'vertex6', 'vertex3', 'vertex5', 'vertex4'])"
1351651191.282,steps_lrtdp,"(45.89325530860545, ['vertex6', 'vertex2', 'vertex6', 'vertex3', 'vertex5', 'vertex4'])"
1351643699.923,steps_curr,"(32.022467814657816, ['vertex2', 'vertex6', 'vertex3', 'vertex5', 'vertex4'])"
1351643699.923,steps_avg,"(32.022467814657816, ['vertex2', 'vertex6', 'vertex3', 'vertex5', 'vertex4'])"
1351643699.923,steps_max,"(32.022467814657816, ['vertex2', 'vertex6', 'vertex3', 'vertex5', 'vertex4'])"
1351643699.923,steps_min,"(32.022467814657816, ['vertex2', 'vertex6', 'vertex3', 'vertex5', 'vertex4'])"
1351643699.923,steps_lrtdp,"(32.022467814657816, ['vertex2', 'vertex6', 'vertex3', 'vertex5', 'vertex4'])"
1351642810.611,steps_curr,"(32.022467814657816, ['vertex2', 'vertex6', 'vertex3', 'vertex5', 'vertex4'])"
1351642810.611,steps_avg,"(32.022467814657816, ['vertex2', 'vertex6', 'vertex3', 'vertex5', 'vertex4'])"
1351642810.611,steps_max,"(32.022467814657816, ['vertex2', 'vertex6', 'vertex3', 'vertex5', 'vertex4'])"
1351642810.611,steps_min,"(32.022467814657816, ['vertex2', 'vertex6', 'vertex3', 'vertex5', 'vertex4'])"
1351642810.611,steps_lrtdp,"(32.022467814657816, ['vertex2', 'vertex6', 'vertex3', 'vertex5', 'vertex4'])"
1351646771.324,steps_curr,"(42.82246781465781, ['vertex2', 'vertex6', 'vertex3', 'vertex5', 'vertex4'])"
1351646771.324,steps_avg,"(42.82246781465781, ['vertex2', 'vertex6', 'vertex3', 'vertex5', 'vertex4'])"
1351646771.324,steps_max,"(42.82246781465781, ['vertex2', 'vertex6', 'vertex3', 'vertex5', 'vertex4'])"
1351646771.324,steps_min,"(42.82246781465781, ['vertex2', 'vertex6', 'vertex3', 'vertex5', 'vertex4'])"
1351646771.324,steps_lrtdp,"(42.82246781465781, ['vertex2', 'vertex6', 'vertex3', 'vertex5', 'vertex4'])"
1351650483.407,steps_curr,"(32.022467814657816, ['vertex2', 'vertex6', 'vertex3', 'vertex5', 'vertex4'])"
1351650483.407,steps_avg,"(32.022467814657816, ['vertex2', 'vertex6', 'vertex3', 'vertex5', 'vertex4'])"
1351650483.407,steps_max,"(32.022467814657816, ['vertex2', 'vertex6', 'vertex3', 'vertex5', 'vertex4'])"
1351650483.407,steps_min,"(32.022467814657816, ['vertex2', 'vertex6', 'vertex3', 'vertex5', 'vertex4'])"
1351650483.407,steps_lrtdp,"(32.022467814657816, ['vertex2', 'vertex6', 'vertex3', 'vertex5', 'vertex4'])"
1351646933.774,steps_curr,"(28.422467814657814, ['vertex2', 'vertex6', 'vertex3', 'vertex5', 'vertex4'])"
1351646933.774,steps_avg,"(28.422467814657814, ['vertex2', 'vertex6', 'vertex3', 'vertex5', 'vertex4'])"
1351646933.774,steps_max,"(28.422467814657814, ['vertex2', 'vertex6', 'vertex3', 'vertex5', 'vertex4'])"
1351646933.774,steps_min,"(28.422467814657814, ['vertex2', 'vertex6', 'vertex3', 'vertex5', 'vertex4'])"
1351646933.774,steps_lrtdp,"(28.422467814657814, ['vertex2', 'vertex6', 'vertex3', 'vertex5', 'vertex4'])"
1351647712.699,steps_curr,"(42.82246781465781, ['vertex2', 'vertex6', 'vertex3', 'vertex5', 'vertex4'])"
1351647712.699,steps_avg,"(42.82246781465781, ['vertex2', 'vertex6', 'vertex3', 'vertex5', 'vertex4'])"
1351647712.699,steps_max,"(42.82246781465781, ['vertex2', 'vertex6', 'vertex3', 'vertex5', 'vertex4'])"
1351647712.699,steps_min,"(42.82246781465781, ['vertex2', 'vertex6', 'vertex3', 'vertex5', 'vertex4'])"
1351647712.699,steps_lrtdp,"(60.15345079770483, ['vertex2', 'vertex6', 'vertex3', 'vertex5', 'vertex3', 'vertex6', 'vertex2', 'vertex3', 'vertex4'])"
1351649452.611,steps_curr,"(26.022467814657816, ['vertex2', 'vertex6', 'vertex3', 'vertex5', 'vertex4'])"
1351649452.611,steps_avg,"(26.022467814657816, ['vertex2', 'vertex6', 'vertex3', 'vertex5', 'vertex4'])"
1351649452.611,steps_max,"(26.022467814657816, ['vertex2', 'vertex6', 'vertex3', 'vertex5', 'vertex4'])"
1351649452.611,steps_min,"(26.022467814657816, ['vertex2', 'vertex6', 'vertex3', 'vertex5', 'vertex4'])"
1351649452.611,steps_lrtdp,"(26.022467814657816, ['vertex2', 'vertex6', 'vertex3', 'vertex5', 'vertex4'])"
1351649570.701,steps_curr,"(33.11204932991906, ['vertex2', 'vertex3', 'vertex6', 'vertex5', 'vertex4'])"
1351649570.701,steps_avg,"(26.022467814657816, ['vertex2', 'vertex6', 'vertex3', 'vertex5', 'vertex4'])"
1351649570.701,steps_max,"(26.022467814657816, ['vertex2', 'vertex6', 'vertex3', 'vertex5', 'vertex4'])"
1351649570.701,steps_min,"(26.022467814657816, ['vertex2', 'vertex6', 'vertex3', 'vertex5', 'vertex4'])"
1351649570.701,steps_lrtdp,"(26.022467814657816, ['vertex2', 'vertex6', 'vertex3', 'vertex5', 'vertex4'])"
1351649799.93,steps_curr,"(34.42246781465782, ['vertex2', 'vertex6', 'vertex3', 'vertex5', 'vertex4'])"
1351649799.93,steps_avg,"(34.42246781465782, ['vertex2', 'vertex6', 'vertex3', 'vertex5', 'vertex4'])"
1351649799.93,steps_max,"(34.42246781465782, ['vertex2', 'vertex6', 'vertex3', 'vertex5', 'vertex4'])"
1351649799.93,steps_min,"(34.42246781465782, ['vertex2', 'vertex6', 'vertex3', 'vertex5', 'vertex4'])"
1351649799.93,steps_lrtdp,"(34.42246781465782, ['vertex2', 'vertex6', 'vertex3', 'vertex5', 'vertex4'])"
1351644066.271,steps_curr,"(28.422467814657814, ['vertex2', 'vertex6', 'vertex3', 'vertex5', 'vertex4'])"
1351644066.271,steps_avg,"(28.422467814657814, ['vertex2', 'vertex6', 'vertex3', 'vertex5', 'vertex4'])"
1351644066.271,steps_max,"(28.422467814657814, ['vertex2', 'vertex6', 'vertex3', 'vertex5', 'vertex4'])"
1351644066.271,steps_min,"(28.422467814657814, ['vertex2', 'vertex6', 'vertex3', 'vertex5', 'vertex4'])"
1351644066.271,steps_lrtdp,"(28.422467814657814, ['vertex2', 'vertex6', 'vertex3', 'vertex5', 'vertex4'])"
1351645225.094,steps_curr,"(27.22246781465782, ['vertex2', 'vertex6', 'vertex3', 'vertex5', 'vertex4'])"
1351645225.094,steps_avg,"(27.22246781465782, ['vertex2', 'vertex6', 'vertex3', 'vertex5', 'vertex4'])"
1351645225.094,steps_max,"(27.22246781465782, ['vertex2', 'vertex6', 'vertex3', 'vertex5', 'vertex4'])"
1351645225.094,steps_min,"(27.22246781465782, ['vertex2', 'vertex6', 'vertex3', 'vertex5', 'vertex4'])"
1351645225.094,steps_lrtdp,"(27.22246781465782, ['vertex2', 'vertex6', 'vertex3', 'vertex5', 'vertex4'])"
1351642943.566,steps_curr,"(40.42246781465782, ['vertex2', 'vertex6', 'vertex3', 'vertex5', 'vertex4'])"
1351642943.566,steps_avg,"(40.42246781465782, ['vertex2', 'vertex6', 'vertex3', 'vertex5', 'vertex4'])"
1351642943.566,steps_max,"(40.42246781465782, ['vertex2', 'vertex6', 'vertex3', 'vertex5', 'vertex4'])"
1351642943.566,steps_min,"(40.42246781465782, ['vertex2', 'vertex6', 'vertex3', 'vertex5', 'vertex4'])"
1351642943.566,steps_lrtdp,"(41.10910089398611, ['vertex6', 'vertex2', 'vertex3', 'vertex5', 'vertex4'])"
1351646522.261,steps_curr,"(48.712049329919054, ['vertex2', 'vertex3', 'vertex6', 'vertex5', 'vertex4'])"
1351646522.261,steps_avg,"(45.22246781465782, ['vertex2', 'vertex6', 'vertex3', 'vertex5', 'vertex4'])"
1351646522.261,steps_max,"(45.22246781465782, ['vertex2', 'vertex6', 'vertex3', 'vertex5', 'vertex4'])"
1351646522.261,steps_min,"(45.22246781465782, ['vertex2', 'vertex6', 'vertex3', 'vertex5', 'vertex4'])"
1351646522.261,steps_lrtdp,"(45.22246781465782, ['vertex2', 'vertex6', 'vertex3', 'vertex5', 'vertex4'])"
1351646070.712,steps_curr,"(32.022467814657816, ['vertex2', 'vertex6', 'vertex3', 'vertex5', 'vertex4'])"
1351646070.712,steps_avg,"(32.022467814657816, ['vertex2', 'vertex6', 'vertex3', 'vertex5', 'vertex4'])"
1351646070.712,steps_max,"(32.022467814657816, ['vertex2', 'vertex6', 'vertex3', 'vertex5', 'vertex4'])"
1351646070.712,steps_min,"(32.022467814657816, ['vertex2', 'vertex6', 'vertex3', 'vertex5', 'vertex4'])"
1351646070.712,steps_lrtdp,"(32.022467814657816, ['vertex2', 'vertex6', 'vertex3', 'vertex5', 'vertex4'])"
1351648637.354,steps_curr,"(26.022467814657816, ['vertex2', 'vertex6', 'vertex3', 'vertex5', 'vertex4'])"
1351648637.354,steps_avg,"(26.022467814657816, ['vertex2', 'vertex6', 'vertex3', 'vertex5', 'vertex4'])"
1351648637.354,steps_max,"(26.022467814657816, ['vertex2', 'vertex6', 'vertex3', 'vertex5', 'vertex4'])"
1351648637.354,steps_min,"(26.022467814657816, ['vertex2', 'vertex6', 'vertex3', 'vertex5', 'vertex4'])"
1351648637.354,steps_lrtdp,"(26.022467814657816, ['vertex2', 'vertex6', 'vertex3', 'vertex5', 'vertex4'])"
1351649027.822,steps_curr,"(40.312049329919056, ['vertex2', 'vertex3', 'vertex6', 'vertex5', 'vertex4'])"
1351649027.822,steps_avg,"(33.22246781465782, ['vertex2', 'vertex6', 'vertex3', 'vertex5', 'vertex4'])"
1351649027.822,steps_max,"(33.22246781465782, ['vertex2', 'vertex6', 'vertex3', 'vertex5', 'vertex4'])"
1351649027.822,steps_min,"(33.22246781465782, ['vertex2', 'vertex6', 'vertex3', 'vertex5', 'vertex4'])"
1351649027.822,steps_lrtdp,"(33.22246781465782, ['vertex2', 'vertex6', 'vertex3', 'vertex5', 'vertex4'])"
1351650423.0,steps_curr,"(58.31204932991905, ['vertex2', 'vertex3', 'vertex6', 'vertex5', 'vertex4'])"
1351650423.0,steps_avg,"(45.22246781465782, ['vertex2', 'vertex6', 'vertex3', 'vertex5', 'vertex4'])"
1351650423.0,steps_max,"(45.22246781465782, ['vertex2', 'vertex6', 'vertex3', 'vertex5', 'vertex4'])"
1351650423.0,steps_min,"(45.22246781465782, ['vertex2', 'vertex6', 'vertex3', 'vertex5', 'vertex4'])"
1351650423.0,steps_lrtdp,"(45.22246781465782, ['vertex2', 'vertex6', 'vertex3', 'vertex5', 'vertex4'])"
1351642880.428,steps_curr,"(54.82246781465781, ['vertex2', 'vertex6', 'vertex3', 'vertex5', 'vertex4'])"
1351642880.428,steps_avg,"(54.82246781465781, ['vertex2', 'vertex6', 'vertex3', 'vertex5', 'vertex4'])"
1351642880.428,steps_max,"(54.82246781465781, ['vertex2', 'vertex6', 'vertex3', 'vertex5', 'vertex4'])"
1351642880.428,steps_min,"(54.82246781465781, ['vertex2', 'vertex6', 'vertex3', 'vertex5', 'vertex4'])"
1351642880.428,steps_lrtdp,"(54.54284302541325, ['vertex2', 'vertex6', 'vertex3', 'vertex6', 'vertex3', 'vertex5', 'vertex4'])"
1351648371.6,steps_curr,"(39.22246781465782, ['vertex2', 'vertex6', 'vertex3', 'vertex5', 'vertex4'])"
1351648371.6,steps_avg,"(39.22246781465782, ['vertex2', 'vertex6', 'vertex3', 'vertex5', 'vertex4'])"
1351648371.6,steps_max,"(39.22246781465782, ['vertex2', 'vertex6', 'vertex3', 'vertex5', 'vertex4'])"
1351648371.6,steps_min,"(39.22246781465782, ['vertex2', 'vertex6', 'vertex3', 'vertex5', 'vertex4'])"
1351648371.6,steps_lrtdp,"(39.22246781465782, ['vertex2', 'vertex6', 'vertex3', 'vertex5', 'vertex4'])"
1351643393.851,steps_curr,"(27.22246781465782, ['vertex2', 'vertex6', 'vertex3', 'vertex5', 'vertex4'])"
1351643393.851,steps_avg,"(27.22246781465782, ['vertex2', 'vertex6', 'vertex3', 'vertex5', 'vertex4'])"
1351643393.851,steps_max,"(27.22246781465782, ['vertex2', 'vertex6', 'vertex3', 'vertex5', 'vertex4'])"
1351643393.851,steps_min,"(27.22246781465782, ['vertex2', 'vertex6', 'vertex3', 'vertex5', 'vertex4'])"
1351643393.851,steps_lrtdp,"(27.22246781465782, ['vertex2', 'vertex6', 'vertex3', 'vertex5', 'vertex4'])"
1351646190.312,steps_curr,"(33.11204932991906, ['vertex2', 'vertex3', 'vertex6', 'vertex5', 'vertex4'])"
1351646190.312,steps_avg,"(28.422467814657814, ['vertex2', 'vertex6', 'vertex3', 'vertex5', 'vertex4'])"
1351646190.312,steps_max,"(28.422467814657814, ['vertex2', 'vertex6', 'vertex3', 'vertex5', 'vertex4'])"
1351646190.312,steps_min,"(28.422467814657814, ['vertex2', 'vertex6', 'vertex3', 'vertex5', 'vertex4'])"
1351646190.312,steps_lrtdp,"(28.422467814657814, ['vertex2', 'vertex6', 'vertex3', 'vertex5', 'vertex4'])"
1351650551.186,steps_curr,"(35.62246781465782, ['vertex2', 'vertex6', 'vertex3', 'vertex5', 'vertex4'])"
1351650551.186,steps_avg,"(35.62246781465782, ['vertex2', 'vertex6', 'vertex3', 'vertex5', 'vertex4'])"
1351650551.186,steps_max,"(35.62246781465782, ['vertex2', 'vertex6', 'vertex3', 'vertex5', 'vertex4'])"
1351650551.186,steps_min,"(35.62246781465782, ['vertex2', 'vertex6', 'vertex3', 'vertex5', 'vertex4'])"
1351650551.186,steps_lrtdp,"(36.712049329919054, ['vertex2', 'vertex3', 'vertex6', 'vertex5', 'vertex4'])"
1351651355.16,steps_curr,"(41.51204932991905, ['vertex2', 'vertex3', 'vertex6', 'vertex5', 'vertex4'])"
1351651355.16,steps_avg,"(29.622467814657817, ['vertex2', 'vertex6', 'vertex3', 'vertex5', 'vertex4'])"
1351651355.16,steps_max,"(29.622467814657817, ['vertex2', 'vertex6', 'vertex3', 'vertex5', 'vertex4'])"
1351651355.16,steps_min,"(29.622467814657817, ['vertex2', 'vertex6', 'vertex3', 'vertex5', 'vertex4'])"
1351651355.16,steps_lrtdp,"(29.622467814657817, ['vertex2', 'vertex6', 'vertex3', 'vertex5', 'vertex4'])"
1351651027.715,steps_curr,"(36.82246781465781, ['vertex2', 'vertex6', 'vertex3', 'vertex5', 'vertex4'])"
1351651027.715,steps_avg,"(36.82246781465781, ['vertex2', 'vertex6', 'vertex3', 'vertex5', 'vertex4'])"
1351651027.715,steps_max,"(36.82246781465781, ['vertex2', 'vertex6', 'vertex3', 'vertex5', 'vertex4'])"
1351651027.715,steps_min,"(36.82246781465781, ['vertex2', 'vertex6', 'vertex3', 'vertex5', 'vertex4'])"
1351651027.715,steps_lrtdp,"(36.82246781465781, ['vertex2', 'vertex6', 'vertex3', 'vertex5', 'vertex4'])"
1351645755.68,steps_curr,"(29.51204932991906, ['vertex2', 'vertex3', 'vertex6', 'vertex5', 'vertex4'])"
1351645755.68,steps_avg,"(26.022467814657816, ['vertex2', 'vertex6', 'vertex3', 'vertex5', 'vertex4'])"
1351645755.68,steps_max,"(26.022467814657816, ['vertex2', 'vertex6', 'vertex3', 'vertex5', 'vertex4'])"
1351645755.68,steps_min,"(26.022467814657816, ['vertex2', 'vertex6', 'vertex3', 'vertex5', 'vertex4'])"
1351645755.68,steps_lrtdp,"(26.022467814657816, ['vertex2', 'vertex6', 'vertex3', 'vertex5', 'vertex4'])"
1351648070.556,steps_curr,"(34.312049329919056, ['vertex2', 'vertex3', 'vertex6', 'vertex5', 'vertex4'])"
1351648070.556,steps_avg,"(33.22246781465782, ['vertex2', 'vertex6', 'vertex3', 'vertex5', 'vertex4'])"
1351648070.556,steps_max,"(33.22246781465782, ['vertex2', 'vertex6', 'vertex3', 'vertex5', 'vertex4'])"
1351648070.556,steps_min,"(33.22246781465782, ['vertex2', 'vertex6', 'vertex3', 'vertex5', 'vertex4'])"
1351648070.556,steps_lrtdp,"(33.22246781465782, ['vertex2', 'vertex6', 'vertex3', 'vertex5', 'vertex4'])"
1351642663.718,steps_curr,"(40.422467814657814, ['vertex2', 'vertex6', 'vertex3', 'vertex5', 'vertex4'])"
1351642663.718,steps_avg,"(40.422467814657814, ['vertex2', 'vertex6', 'vertex3', 'vertex5', 'vertex4'])"
1351642663.718,steps_max,"(40.422467814657814, ['vertex2', 'vertex6', 'vertex3', 'vertex5', 'vertex4'])"
1351642663.718,steps_min,"(40.422467814657814, ['vertex2', 'vertex6', 'vertex3', 'vertex5', 'vertex4'])"
1351642663.718,steps_lrtdp,"(34.296203744538396, ['vertex2', 'vertex6', 'vertex3', 'vertex6', 'vertex5', 'vertex4'])"
1351643288.0,steps_curr,"(29.51204932991906, ['vertex2', 'vertex3', 'vertex6', 'vertex5', 'vertex4'])"
1351643288.0,steps_avg,"(26.022467814657816, ['vertex2', 'vertex6', 'vertex3', 'vertex5', 'vertex4'])"
1351643288.0,steps_max,"(26.022467814657816, ['vertex2', 'vertex6', 'vertex3', 'vertex5', 'vertex4'])"
1351643288.0,steps_min,"(26.022467814657816, ['vertex2', 'vertex6', 'vertex3', 'vertex5', 'vertex4'])"
1351643288.0,steps_lrtdp,"(26.022467814657816, ['vertex2', 'vertex6', 'vertex3', 'vertex5', 'vertex4'])"
1351648573.612,steps_curr,"(46.31204932991905, ['vertex2', 'vertex3', 'vertex6', 'vertex5', 'vertex4'])"
1351648573.612,steps_avg,"(44.022467814657816, ['vertex2', 'vertex6', 'vertex3', 'vertex5', 'vertex4'])"
1351648573.612,steps_max,"(44.022467814657816, ['vertex2', 'vertex6', 'vertex3', 'vertex5', 'vertex4'])"
1351648573.612,steps_min,"(44.022467814657816, ['vertex2', 'vertex6', 'vertex3', 'vertex5', 'vertex4'])"
1351648573.612,steps_lrtdp,"(46.330199999070516, ['vertex2', 'vertex6', 'vertex2', 'vertex6', 'vertex3', 'vertex6', 'vertex5', 'vertex4'])"
1351643549.707,steps_curr,"(29.51204932991906, ['vertex2', 'vertex3', 'vertex6', 'vertex5', 'vertex4'])"
1351643549.707,steps_avg,"(28.422467814657814, ['vertex2', 'vertex6', 'vertex3', 'vertex5', 'vertex4'])"
1351643549.707,steps_max,"(28.422467814657814, ['vertex2', 'vertex6', 'vertex3', 'vertex5', 'vertex4'])"
1351643549.707,steps_min,"(28.422467814657814, ['vertex2', 'vertex6', 'vertex3', 'vertex5', 'vertex4'])"
1351643549.707,steps_lrtdp,"(28.422467814657814, ['vertex2', 'vertex6', 'vertex3', 'vertex5', 'vertex4'])"
1351650890.744,steps_curr,"(27.22246781465782, ['vertex2', 'vertex6', 'vertex3', 'vertex5', 'vertex4'])"
1351650890.744,steps_avg,"(27.22246781465782, ['vertex2', 'vertex6', 'vertex3', 'vertex5', 'vertex4'])"
1351650890.744,steps_max,"(27.22246781465782, ['vertex2', 'vertex6', 'vertex3', 'vertex5', 'vertex4'])"
1351650890.744,steps_min,"(27.22246781465782, ['vertex2', 'vertex6', 'vertex3', 'vertex5', 'vertex4'])"
1351650890.744,steps_lrtdp,"(27.22246781465782, ['vertex2', 'vertex6', 'vertex3', 'vertex5', 'vertex4'])"
1351645005.883,steps_curr,"(28.422467814657814, ['vertex2', 'vertex6', 'vertex3', 'vertex5', 'vertex4'])"
1351645005.883,steps_avg,"(28.422467814657814, ['vertex2', 'vertex6', 'vertex3', 'vertex5', 'vertex4'])"
1351645005.883,steps_max,"(28.422467814657814, ['vertex2', 'vertex6', 'vertex3', 'vertex5', 'vertex4'])"
1351645005.883,steps_min,"(28.422467814657814, ['vertex2', 'vertex6', 'vertex3', 'vertex5', 'vertex4'])"
1351645005.883,steps_lrtdp,"(28.422467814657814, ['vertex2', 'vertex6', 'vertex3', 'vertex5', 'vertex4'])"
1351643036.612,steps_curr,"(27.22246781465782, ['vertex2', 'vertex6', 'vertex3', 'vertex5', 'vertex4'])"
1351643036.612,steps_avg,"(27.22246781465782, ['vertex2', 'vertex6', 'vertex3', 'vertex5', 'vertex4'])"
1351643036.612,steps_max,"(27.22246781465782, ['vertex2', 'vertex6', 'vertex3', 'vertex5', 'vertex4'])"
1351643036.612,steps_min,"(27.22246781465782, ['vertex2', 'vertex6', 'vertex3', 'vertex5', 'vertex4'])"
1351643036.612,steps_lrtdp,"(27.22246781465782, ['vertex2', 'vertex6', 'vertex3', 'vertex5', 'vertex4'])"
1351649859.228,steps_curr,"(26.022467814657816, ['vertex2', 'vertex6', 'vertex3', 'vertex5', 'vertex4'])"
1351649859.228,steps_avg,"(26.022467814657816, ['vertex2', 'vertex6', 'vertex3', 'vertex5', 'vertex4'])"
1351649859.228,steps_max,"(26.022467814657816, ['vertex2', 'vertex6', 'vertex3', 'vertex5', 'vertex4'])"
1351649859.228,steps_min,"(26.022467814657816, ['vertex2', 'vertex6', 'vertex3', 'vertex5', 'vertex4'])"
1351649859.228,steps_lrtdp,"(26.022467814657816, ['vertex2', 'vertex6', 'vertex3', 'vertex5', 'vertex4'])"
1351646437.361,steps_curr,"(30.712049329919054, ['vertex2', 'vertex3', 'vertex6', 'vertex5', 'vertex4'])"
1351646437.361,steps_avg,"(33.22246781465782, ['vertex2', 'vertex6', 'vertex3', 'vertex5', 'vertex4'])"
1351646437.361,steps_max,"(33.22246781465782, ['vertex2', 'vertex6', 'vertex3', 'vertex5', 'vertex4'])"
1351646437.361,steps_min,"(33.22246781465782, ['vertex2', 'vertex6', 'vertex3', 'vertex5', 'vertex4'])"
1351646437.361,steps_lrtdp,"(30.712049329919054, ['vertex2', 'vertex3', 'vertex6', 'vertex5', 'vertex4'])"
1351648142.881,steps_curr,"(53.51204932991905, ['vertex2', 'vertex3', 'vertex6', 'vertex5', 'vertex4'])"
1351648142.881,steps_avg,"(50.022467814657816, ['vertex2', 'vertex6', 'vertex3', 'vertex5', 'vertex4'])"
1351648142.881,steps_max,"(50.022467814657816, ['vertex2', 'vertex6', 'vertex3', 'vertex5', 'vertex4'])"
1351648142.881,steps_min,"(50.022467814657816, ['vertex2', 'vertex6', 'vertex3', 'vertex5', 'vertex4'])"
1351648142.881,steps_lrtdp,"(53.51204932991905, ['vertex2', 'vertex3', 'vertex6', 'vertex5', 'vertex4'])"
1351643242.325,steps_curr,"(36.712049329919054, ['vertex2', 'vertex3', 'vertex6', 'vertex5', 'vertex4'])"
1351643242.325,steps_avg,"(26.022467814657816, ['vertex2', 'vertex6', 'vertex3', 'vertex5', 'vertex4'])"
1351643242.325,steps_max,"(26.022467814657816, ['vertex2', 'vertex6', 'vertex3', 'vertex5', 'vertex4'])"
1351643242.325,steps_min,"(26.022467814657816, ['vertex2', 'vertex6', 'vertex3', 'vertex5', 'vertex4'])"
1351643242.325,steps_lrtdp,"(26.022467814657816, ['vertex2', 'vertex6', 'vertex3', 'vertex5', 'vertex4'])"
1351649086.514,steps_curr,"(34.422467814657814, ['vertex2', 'vertex6', 'vertex3', 'vertex5', 'vertex4'])"
1351649086.514,steps_avg,"(34.422467814657814, ['vertex2', 'vertex6', 'vertex3', 'vertex5', 'vertex4'])"
1351649086.514,steps_max,"(34.422467814657814, ['vertex2', 'vertex6', 'vertex3', 'vertex5', 'vertex4'])"
1351649086.514,steps_min,"(34.422467814657814, ['vertex2', 'vertex6', 'vertex3', 'vertex5', 'vertex4'])"
1351649086.514,steps_lrtdp,"(34.312049329919056, ['vertex2', 'vertex3', 'vertex6', 'vertex5', 'vertex4'])"
1351643772.208,steps_curr,"(40.422467814657814, ['vertex2', 'vertex6', 'vertex3', 'vertex5', 'vertex4'])"
1351643772.208,steps_avg,"(40.422467814657814, ['vertex2', 'vertex6', 'vertex3', 'vertex5', 'vertex4'])"
1351643772.208,steps_max,"(40.422467814657814, ['vertex2', 'vertex6', 'vertex3', 'vertex5', 'vertex4'])"
1351643772.208,steps_min,"(40.422467814657814, ['vertex2', 'vertex6', 'vertex3', 'vertex5', 'vertex4'])"
1351643772.208,steps_lrtdp,"(40.422467814657814, ['vertex2', 'vertex6', 'vertex3', 'vertex5', 'vertex4'])"
1351645251.503,steps_curr,"(26.022467814657816, ['vertex2', 'vertex6', 'vertex3', 'vertex5', 'vertex4'])"
1351645251.503,steps_avg,"(26.022467814657816, ['vertex2', 'vertex6', 'vertex3', 'vertex5', 'vertex4'])"
1351645251.503,steps_max,"(26.022467814657816, ['vertex2', 'vertex6', 'vertex3', 'vertex5', 'vertex4'])"
1351645251.503,steps_min,"(26.022467814657816, ['vertex2', 'vertex6', 'vertex3', 'vertex5', 'vertex4'])"
1351645251.503,steps_lrtdp,"(26.022467814657816, ['vertex2', 'vertex6', 'vertex3', 'vertex5', 'vertex4'])"
1351646368.156,steps_curr,"(26.022467814657816, ['vertex2', 'vertex6', 'vertex3', 'vertex5', 'vertex4'])"
1351646368.156,steps_avg,"(26.022467814657816, ['vertex2', 'vertex6', 'vertex3', 'vertex5', 'vertex4'])"
1351646368.156,steps_max,"(26.022467814657816, ['vertex2', 'vertex6', 'vertex3', 'vertex5', 'vertex4'])"
1351646368.156,steps_min,"(26.022467814657816, ['vertex2', 'vertex6', 'vertex3', 'vertex5', 'vertex4'])"
1351646368.156,steps_lrtdp,"(26.022467814657816, ['vertex2', 'vertex6', 'vertex3', 'vertex5', 'vertex4'])"
1351644162.052,steps_curr,"(26.022467814657816, ['vertex2', 'vertex6', 'vertex3', 'vertex5', 'vertex4'])"
1351644162.052,steps_avg,"(26.022467814657816, ['vertex2', 'vertex6', 'vertex3', 'vertex5', 'vertex4'])"
1351644162.052,steps_max,"(26.022467814657816, ['vertex2', 'vertex6', 'vertex3', 'vertex5', 'vertex4'])"
1351644162.052,steps_min,"(26.022467814657816, ['vertex2', 'vertex6', 'vertex3', 'vertex5', 'vertex4'])"
1351644162.052,steps_lrtdp,"(26.022467814657816, ['vertex2', 'vertex6', 'vertex3', 'vertex5', 'vertex4'])"
1351646660.95,steps_curr,"(29.622467814657817, ['vertex2', 'vertex6', 'vertex3', 'vertex5', 'vertex4'])"
1351646660.95,steps_avg,"(29.622467814657817, ['vertex2', 'vertex6', 'vertex3', 'vertex5', 'vertex4'])"
1351646660.95,steps_max,"(29.622467814657817, ['vertex2', 'vertex6', 'vertex3', 'vertex5', 'vertex4'])"
1351646660.95,steps_min,"(29.622467814657817, ['vertex2', 'vertex6', 'vertex3', 'vertex5', 'vertex4'])"
1351646660.95,steps_lrtdp,"(29.622467814657817, ['vertex2', 'vertex6', 'vertex3', 'vertex5', 'vertex4'])"
1351642323.0,steps_curr,"(39.11204932991905, ['vertex2', 'vertex3', 'vertex6', 'vertex5', 'vertex4'])"
1351642323.0,steps_avg,"(35.62246781465782, ['vertex2', 'vertex6', 'vertex3', 'vertex5', 'vertex4'])"
1351642323.0,steps_max,"(35.62246781465782, ['vertex2', 'vertex6', 'vertex3', 'vertex5', 'vertex4'])"
1351642323.0,steps_min,"(35.62246781465782, ['vertex2', 'vertex6', 'vertex3', 'vertex5', 'vertex4'])"
1351642323.0,steps_lrtdp,"(36.54284302541325, ['vertex2', 'vertex6', 'vertex3', 'vertex6', 'vertex3', 'vertex5', 'vertex4'])"
1351648249.239,steps_curr,"(41.62246781465781, ['vertex2', 'vertex6', 'vertex3', 'vertex5', 'vertex4'])"
1351648249.239,steps_avg,"(41.62246781465781, ['vertex2', 'vertex6', 'vertex3', 'vertex5', 'vertex4'])"
1351648249.239,steps_max,"(41.62246781465781, ['vertex2', 'vertex6', 'vertex3', 'vertex5', 'vertex4'])"
1351648249.239,steps_min,"(41.62246781465781, ['vertex2', 'vertex6', 'vertex3', 'vertex5', 'vertex4'])"
1351648249.239,steps_lrtdp,"(38.942843025413254, ['vertex2', 'vertex6', 'vertex3', 'vertex6', 'vertex3', 'vertex5', 'vertex4'])"
1351648710.039,steps_curr,"(28.422467814657814, ['vertex2', 'vertex6', 'vertex3', 'vertex5', 'vertex4'])"
1351648710.039,steps_avg,"(28.422467814657814, ['vertex2', 'vertex6', 'vertex3', 'vertex5', 'vertex4'])"
1351648710.039,steps_max,"(28.422467814657814, ['vertex2', 'vertex6', 'vertex3', 'vertex5', 'vertex4'])"
1351648710.039,steps_min,"(28.422467814657814, ['vertex2', 'vertex6', 'vertex3', 'vertex5', 'vertex4'])"
1351648710.039,steps_lrtdp,"(28.422467814657814, ['vertex2', 'vertex6', 'vertex3', 'vertex5', 'vertex4'])"
1351650784.878,steps_curr,"(35.62246781465782, ['vertex2', 'vertex6', 'vertex3', 'vertex5', 'vertex4'])"
1351650784.878,steps_avg,"(35.62246781465782, ['vertex2', 'vertex6', 'vertex3', 'vertex5', 'vertex4'])"
1351650784.878,steps_max,"(35.62246781465782, ['vertex2', 'vertex6', 'vertex3', 'vertex5', 'vertex4'])"
1351650784.878,steps_min,"(35.62246781465782, ['vertex2', 'vertex6', 'vertex3', 'vertex5', 'vertex4'])"
1351650784.878,steps_lrtdp,"(35.62246781465782, ['vertex2', 'vertex6', 'vertex3', 'vertex5', 'vertex4'])"
1351650591.993,steps_curr,"(34.422467814657814, ['vertex2', 'vertex6', 'vertex3', 'vertex5', 'vertex4'])"
1351650591.993,steps_avg,"(34.422467814657814, ['vertex2', 'vertex6', 'vertex3', 'vertex5', 'vertex4'])"
1351650591.993,steps_max,"(34.422467814657814, ['vertex2', 'vertex6', 'vertex3', 'vertex5', 'vertex4'])"
1351650591.993,steps_min,"(34.422467814657814, ['vertex2', 'vertex6', 'vertex3', 'vertex5', 'vertex4'])"
1351650591.993,steps_lrtdp,"(36.712049329919054, ['vertex2', 'vertex3', 'vertex6', 'vertex5', 'vertex4'])"
1351647200.331,steps_curr,"(26.022467814657816, ['vertex2', 'vertex6', 'vertex3', 'vertex5', 'vertex4'])"
1351647200.331,steps_avg,"(26.022467814657816, ['vertex2', 'vertex6', 'vertex3', 'vertex5', 'vertex4'])"
1351647200.331,steps_max,"(26.022467814657816, ['vertex2', 'vertex6', 'vertex3', 'vertex5', 'vertex4'])"
1351647200.331,steps_min,"(26.022467814657816, ['vertex2', 'vertex6', 'vertex3', 'vertex5', 'vertex4'])"
1351647200.331,steps_lrtdp,"(26.022467814657816, ['vertex2', 'vertex6', 'vertex3', 'vertex5', 'vertex4'])"
1351650414.657,steps_curr,"(43.91204932991906, ['vertex2', 'vertex3', 'vertex6', 'vertex5', 'vertex4'])"
1351650414.657,steps_avg,"(27.22246781465782, ['vertex2', 'vertex6', 'vertex3', 'vertex5', 'vertex4'])"
1351650414.657,steps_max,"(27.22246781465782, ['vertex2', 'vertex6', 'vertex3', 'vertex5', 'vertex4'])"
1351650414.657,steps_min,"(27.22246781465782, ['vertex2', 'vertex6', 'vertex3', 'vertex5', 'vertex4'])"
1351650414.657,steps_lrtdp,"(27.22246781465782, ['vertex2', 'vertex6', 'vertex3', 'vertex5', 'vertex4'])"
1351644605.667,steps_curr,"(30.712049329919054, ['vertex2', 'vertex3', 'vertex6', 'vertex5', 'vertex4'])"
1351644605.667,steps_avg,"(26.022467814657816, ['vertex2', 'vertex6', 'vertex3', 'vertex5', 'vertex4'])"
1351644605.667,steps_max,"(26.022467814657816, ['vertex2', 'vertex6', 'vertex3', 'vertex5', 'vertex4'])"
1351644605.667,steps_min,"(26.022467814657816, ['vertex2', 'vertex6', 'vertex3', 'vertex5', 'vertex4'])"
1351644605.667,steps_lrtdp,"(26.022467814657816, ['vertex2', 'vertex6', 'vertex3', 'vertex5', 'vertex4'])"
1351650376.079,steps_curr,"(43.91204932991906, ['vertex2', 'vertex3', 'vertex6', 'vertex5', 'vertex4'])"
1351650376.079,steps_avg,"(30.822467814657816, ['vertex2', 'vertex6', 'vertex3', 'vertex5', 'vertex4'])"
1351650376.079,steps_max,"(30.822467814657816, ['vertex2', 'vertex6', 'vertex3', 'vertex5', 'vertex4'])"
1351650376.079,steps_min,"(30.822467814657816, ['vertex2', 'vertex6', 'vertex3', 'vertex5', 'vertex4'])"
1351650376.079,steps_lrtdp,"(30.822467814657816, ['vertex2', 'vertex6', 'vertex3', 'vertex5', 'vertex4'])"
1351647582.496,steps_curr,"(53.51204932991905, ['vertex2', 'vertex3', 'vertex6', 'vertex5', 'vertex4'])"
1351647582.496,steps_avg,"(32.022467814657816, ['vertex2', 'vertex6', 'vertex3', 'vertex5', 'vertex4'])"
1351647582.496,steps_max,"(32.022467814657816, ['vertex2', 'vertex6', 'vertex3', 'vertex5', 'vertex4'])"
1351647582.496,steps_min,"(32.022467814657816, ['vertex2', 'vertex6', 'vertex3', 'vertex5', 'vertex4'])"
1351647582.496,steps_lrtdp,"(38.942843025413254, ['vertex2', 'vertex6', 'vertex3', 'vertex6', 'vertex3', 'vertex5', 'vertex4'])"
1351650732.389,steps_curr,"(34.312049329919056, ['vertex2', 'vertex3', 'vertex6', 'vertex5', 'vertex4'])"
1351650732.389,steps_avg,"(41.62246781465781, ['vertex2', 'vertex6', 'vertex3', 'vertex5', 'vertex4'])"
1351650732.389,steps_max,"(41.62246781465781, ['vertex2', 'vertex6', 'vertex3', 'vertex5', 'vertex4'])"
1351650732.389,steps_min,"(41.62246781465781, ['vertex2', 'vertex6', 'vertex3', 'vertex5', 'vertex4'])"
1351650732.389,steps_lrtdp,"(34.312049329919056, ['vertex2', 'vertex3', 'vertex6', 'vertex5', 'vertex4'])"
1351647754.973,steps_curr,"(35.51204932991906, ['vertex2', 'vertex3', 'vertex6', 'vertex5', 'vertex4'])"
1351647754.973,steps_avg,"(32.022467814657816, ['vertex2', 'vertex6', 'vertex3', 'vertex5', 'vertex4'])"
1351647754.973,steps_max,"(32.022467814657816, ['vertex2', 'vertex6', 'vertex3', 'vertex5', 'vertex4'])"
1351647754.973,steps_min,"(32.022467814657816, ['vertex2', 'vertex6', 'vertex3', 'vertex5', 'vertex4'])"
1351647754.973,steps_lrtdp,"(32.022467814657816, ['vertex2', 'vertex6', 'vertex3', 'vertex5', 'vertex4'])"
1351647858.926,steps_curr,"(30.82246781465782, ['vertex2', 'vertex6', 'vertex3', 'vertex5', 'vertex4'])"
1351647858.926,steps_avg,"(30.82246781465782, ['vertex2', 'vertex6', 'vertex3', 'vertex5', 'vertex4'])"
1351647858.926,steps_max,"(30.82246781465782, ['vertex2', 'vertex6', 'vertex3', 'vertex5', 'vertex4'])"
1351647858.926,steps_min,"(30.82246781465782, ['vertex2', 'vertex6', 'vertex3', 'vertex5', 'vertex4'])"
1351647858.926,steps_lrtdp,"(30.82246781465782, ['vertex2', 'vertex6', 'vertex3', 'vertex5', 'vertex4'])"
1351647475.0,steps_curr,"(40.312049329919056, ['vertex2', 'vertex3', 'vertex6', 'vertex5', 'vertex4'])"
1351647475.0,steps_avg,"(52.42246781465782, ['vertex2', 'vertex6', 'vertex3', 'vertex5', 'vertex4'])"
1351647475.0,steps_max,"(52.42246781465782, ['vertex2', 'vertex6', 'vertex3', 'vertex5', 'vertex4'])"
1351647475.0,steps_min,"(52.42246781465782, ['vertex2', 'vertex6', 'vertex3', 'vertex5', 'vertex4'])"
1351647475.0,steps_lrtdp,"(39.0900414733264, ['vertex2', 'vertex1', 'vertex6', 'vertex3', 'vertex5', 'vertex4'])"
1351644954.329,steps_curr,"(42.712049329919054, ['vertex2', 'vertex3', 'vertex6', 'vertex5', 'vertex4'])"
1351644954.329,steps_avg,"(48.82246781465781, ['vertex2', 'vertex6', 'vertex3', 'vertex5', 'vertex4'])"
1351644954.329,steps_max,"(48.82246781465781, ['vertex2', 'vertex6', 'vertex3', 'vertex5', 'vertex4'])"
1351644954.329,steps_min,"(48.82246781465781, ['vertex2', 'vertex6', 'vertex3', 'vertex5', 'vertex4'])"
1351644954.329,steps_lrtdp,"(49.5832337470366, ['vertex2', 'vertex6', 'vertex3', 'vertex5', 'vertex3', 'vertex4'])"
1351646592.569,steps_curr,"(26.022467814657816, ['vertex2', 'vertex6', 'vertex3', 'vertex5', 'vertex4'])"
1351646592.569,steps_avg,"(26.022467814657816, ['vertex2', 'vertex6', 'vertex3', 'vertex5', 'vertex4'])"
1351646592.569,steps_max,"(26.022467814657816, ['vertex2', 'vertex6', 'vertex3', 'vertex5', 'vertex4'])"
1351646592.569,steps_min,"(26.022467814657816, ['vertex2', 'vertex6', 'vertex3', 'vertex5', 'vertex4'])"
1351646592.569,steps_lrtdp,"(26.022467814657816, ['vertex2', 'vertex6', 'vertex3', 'vertex5', 'vertex4'])"
1351646882.342,steps_curr,"(45.22246781465782, ['vertex2', 'vertex6', 'vertex3', 'vertex5', 'vertex4'])"
1351646882.342,steps_avg,"(45.22246781465782, ['vertex2', 'vertex6', 'vertex3', 'vertex5', 'vertex4'])"
1351646882.342,steps_max,"(45.22246781465782, ['vertex2', 'vertex6', 'vertex3', 'vertex5', 'vertex4'])"
1351646882.342,steps_min,"(45.22246781465782, ['vertex2', 'vertex6', 'vertex3', 'vertex5', 'vertex4'])"
1351646882.342,steps_lrtdp,"(41.1832337470366, ['vertex2', 'vertex6', 'vertex3', 'vertex5', 'vertex3', 'vertex4'])"
1351650515.934,steps_curr,"(44.022467814657816, ['vertex2', 'vertex6', 'vertex3', 'vertex5', 'vertex4'])"
1351650515.934,steps_avg,"(44.022467814657816, ['vertex2', 'vertex6', 'vertex3', 'vertex5', 'vertex4'])"
1351650515.934,steps_max,"(44.022467814657816, ['vertex2', 'vertex6', 'vertex3', 'vertex5', 'vertex4'])"
1351650515.934,steps_min,"(44.022467814657816, ['vertex2', 'vertex6', 'vertex3', 'vertex5', 'vertex4'])"
1351650515.934,steps_lrtdp,"(42.696203744538394, ['vertex2', 'vertex6', 'vertex3', 'vertex6', 'vertex5', 'vertex4'])"
1351649998.028,steps_curr,"(26.022467814657816, ['vertex2', 'vertex6', 'vertex3', 'vertex5', 'vertex4'])"
1351649998.028,steps_avg,"(26.022467814657816, ['vertex2', 'vertex6', 'vertex3', 'vertex5', 'vertex4'])"
1351649998.028,steps_max,"(26.022467814657816, ['vertex2', 'vertex6', 'vertex3', 'vertex5', 'vertex4'])"
1351649998.028,steps_min,"(26.022467814657816, ['vertex2', 'vertex6', 'vertex3', 'vertex5', 'vertex4'])"
1351649998.028,steps_lrtdp,"(26.022467814657816, ['vertex2', 'vertex6', 'vertex3', 'vertex5', 'vertex4'])"
1351644236.023,steps_curr,"(39.22246781465782, ['vertex2', 'vertex6', 'vertex3', 'vertex5', 'vertex4'])"
1351644236.023,steps_avg,"(39.22246781465782, ['vertex2', 'vertex6', 'vertex3', 'vertex5', 'vertex4'])"
1351644236.023,steps_max,"(39.22246781465782, ['vertex2', 'vertex6', 'vertex3', 'vertex5', 'vertex4'])"
1351644236.023,steps_min,"(39.22246781465782, ['vertex2', 'vertex6', 'vertex3', 'vertex5', 'vertex4'])"
1351644236.023,steps_lrtdp,"(39.22246781465782, ['vertex2', 'vertex6', 'vertex3', 'vertex5', 'vertex4'])"
1351649161.256,steps_curr,"(29.622467814657817, ['vertex2', 'vertex6', 'vertex3', 'vertex5', 'vertex4'])"
1351649161.256,steps_avg,"(29.622467814657817, ['vertex2', 'vertex6', 'vertex3', 'vertex5', 'vertex4'])"
1351649161.256,steps_max,"(29.622467814657817, ['vertex2', 'vertex6', 'vertex3', 'vertex5', 'vertex4'])"
1351649161.256,steps_min,"(29.622467814657817, ['vertex2', 'vertex6', 'vertex3', 'vertex5', 'vertex4'])"
1351649161.256,steps_lrtdp,"(29.622467814657817, ['vertex2', 'vertex6', 'vertex3', 'vertex5', 'vertex4'])"
1351643167.71,steps_curr,"(40.312049329919056, ['vertex2', 'vertex3', 'vertex6', 'vertex5', 'vertex4'])"
1351643167.71,steps_avg,"(35.62246781465782, ['vertex2', 'vertex6', 'vertex3', 'vertex5', 'vertex4'])"
1351643167.71,steps_max,"(35.62246781465782, ['vertex2', 'vertex6', 'vertex3', 'vertex5', 'vertex4'])"
1351643167.71,steps_min,"(35.62246781465782, ['vertex2', 'vertex6', 'vertex3', 'vertex5', 'vertex4'])"
1351643167.71,steps_lrtdp,"(35.62246781465782, ['vertex2', 'vertex6', 'vertex3', 'vertex5', 'vertex4'])"
1351650920.116,steps_curr,"(39.22246781465782, ['vertex2', 'vertex6', 'vertex3', 'vertex5', 'vertex4'])"
1351650920.116,steps_avg,"(39.22246781465782, ['vertex2', 'vertex6', 'vertex3', 'vertex5', 'vertex4'])"
1351650920.116,steps_max,"(39.22246781465782, ['vertex2', 'vertex6', 'vertex3', 'vertex5', 'vertex4'])"
1351650920.116,steps_min,"(39.22246781465782, ['vertex2', 'vertex6', 'vertex3', 'vertex5', 'vertex4'])"
1351650920.116,steps_lrtdp,"(39.22246781465782, ['vertex2', 'vertex6', 'vertex3', 'vertex5', 'vertex4'])"
1351649903.479,steps_curr,"(35.62246781465782, ['vertex2', 'vertex6', 'vertex3', 'vertex5', 'vertex4'])"
1351649903.479,steps_avg,"(35.62246781465782, ['vertex2', 'vertex6', 'vertex3', 'vertex5', 'vertex4'])"
1351649903.479,steps_max,"(35.62246781465782, ['vertex2', 'vertex6', 'vertex3', 'vertex5', 'vertex4'])"
1351649903.479,steps_min,"(35.62246781465782, ['vertex2', 'vertex6', 'vertex3', 'vertex5', 'vertex4'])"
1351649903.479,steps_lrtdp,"(35.62246781465782, ['vertex2', 'vertex6', 'vertex3', 'vertex5', 'vertex4'])"
1351647790.604,steps_curr,"(54.71204932991906, ['vertex2', 'vertex3', 'vertex6', 'vertex5', 'vertex4'])"
1351647790.604,steps_avg,"(51.22246781465782, ['vertex2', 'vertex6', 'vertex3', 'vertex5', 'vertex4'])"
1351647790.604,steps_max,"(51.22246781465782, ['vertex2', 'vertex6', 'vertex3', 'vertex5', 'vertex4'])"
1351647790.604,steps_min,"(51.22246781465782, ['vertex2', 'vertex6', 'vertex3', 'vertex5', 'vertex4'])"
1351647790.604,steps_lrtdp,"(53.565769830692524, ['vertex2', 'vertex6', 'vertex3', 'vertex5', 'vertex3', 'vertex5', 'vertex4'])"
1351642502.08,steps_curr,"(35.51204932991905, ['vertex2', 'vertex3', 'vertex6', 'vertex5', 'vertex4'])"
1351642502.08,steps_avg,"(27.22246781465782, ['vertex2', 'vertex6', 'vertex3', 'vertex5', 'vertex4'])"
1351642502.08,steps_max,"(27.22246781465782, ['vertex2', 'vertex6', 'vertex3', 'vertex5', 'vertex4'])"
1351642502.08,steps_min,"(27.22246781465782, ['vertex2', 'vertex6', 'vertex3', 'vertex5', 'vertex4'])"
1351642502.08,steps_lrtdp,"(27.22246781465782, ['vertex2', 'vertex6', 'vertex3', 'vertex5', 'vertex4'])"
1351645998.131,steps_curr,"(26.022467814657816, ['vertex2', 'vertex6', 'vertex3', 'vertex5', 'vertex4'])"
1351645998.131,steps_avg,"(26.022467814657816, ['vertex2', 'vertex6', 'vertex3', 'vertex5', 'vertex4'])"
1351645998.131,steps_max,"(26.022467814657816, ['vertex2', 'vertex6', 'vertex3', 'vertex5', 'vertex4'])"
1351645998.131,steps_min,"(26.022467814657816, ['vertex2', 'vertex6', 'vertex3', 'vertex5', 'vertex4'])"
1351645998.131,steps_lrtdp,"(26.022467814657816, ['vertex2', 'vertex6', 'vertex3', 'vertex5', 'vertex4'])"
1351648793.25,steps_curr,"(26.022467814657816, ['vertex2', 'vertex6', 'vertex3', 'vertex5', 'vertex4'])"
1351648793.25,steps_avg,"(26.022467814657816, ['vertex2', 'vertex6', 'vertex3', 'vertex5', 'vertex4'])"
1351648793.25,steps_max,"(26.022467814657816, ['vertex2', 'vertex6', 'vertex3', 'vertex5', 'vertex4'])"
1351648793.25,steps_min,"(26.022467814657816, ['vertex2', 'vertex6', 'vertex3', 'vertex5', 'vertex4'])"
1351648793.25,steps_lrtdp,"(26.022467814657816, ['vertex2', 'vertex6', 'vertex3', 'vertex5', 'vertex4'])"
1351649948.08,steps_curr,"(33.11204932991905, ['vertex2', 'vertex3', 'vertex6', 'vertex5', 'vertex4'])"
1351649948.08,steps_avg,"(35.62246781465782, ['vertex2', 'vertex6', 'vertex3', 'vertex5', 'vertex4'])"
1351649948.08,steps_max,"(35.62246781465782, ['vertex2', 'vertex6', 'vertex3', 'vertex5', 'vertex4'])"
1351649948.08,steps_min,"(35.62246781465782, ['vertex2', 'vertex6', 'vertex3', 'vertex5', 'vertex4'])"
1351649948.08,steps_lrtdp,"(35.62246781465782, ['vertex2', 'vertex6', 'vertex3', 'vertex5', 'vertex4'])"
1351642194.375,steps_curr,"(43.91204932991906, ['vertex2', 'vertex3', 'vertex6', 'vertex5', 'vertex4'])"
1351642194.375,steps_avg,"(32.022467814657816, ['vertex2', 'vertex6', 'vertex3', 'vertex5', 'vertex4'])"
1351642194.375,steps_max,"(32.022467814657816, ['vertex2', 'vertex6', 'vertex3', 'vertex5', 'vertex4'])"
1351642194.375,steps_min,"(32.022467814657816, ['vertex2', 'vertex6', 'vertex3', 'vertex5', 'vertex4'])"
1351642194.375,steps_lrtdp,"(44.45325023391089, ['vertex2', 'vertex1', 'vertex2', 'vertex6', 'vertex3', 'vertex5', 'vertex4'])"
1351646141.058,steps_curr,"(26.022467814657816, ['vertex2', 'vertex6', 'vertex3', 'vertex5', 'vertex4'])"
1351646141.058,steps_avg,"(26.022467814657816, ['vertex2', 'vertex6', 'vertex3', 'vertex5', 'vertex4'])"
1351646141.058,steps_max,"(26.022467814657816, ['vertex2', 'vertex6', 'vertex3', 'vertex5', 'vertex4'])"
1351646141.058,steps_min,"(26.022467814657816, ['vertex2', 'vertex6', 'vertex3', 'vertex5', 'vertex4'])"
1351646141.058,steps_lrtdp,"(26.022467814657816, ['vertex2', 'vertex6', 'vertex3', 'vertex5', 'vertex4'])"
1351645159.706,steps_curr,"(28.422467814657814, ['vertex2', 'vertex6', 'vertex3', 'vertex5', 'vertex4'])"
1351645159.706,steps_avg,"(28.422467814657814, ['vertex2', 'vertex6', 'vertex3', 'vertex5', 'vertex4'])"
1351645159.706,steps_max,"(28.422467814657814, ['vertex2', 'vertex6', 'vertex3', 'vertex5', 'vertex4'])"
1351645159.706,steps_min,"(28.422467814657814, ['vertex2', 'vertex6', 'vertex3', 'vertex5', 'vertex4'])"
1351645159.706,steps_lrtdp,"(28.422467814657814, ['vertex2', 'vertex6', 'vertex3', 'vertex5', 'vertex4'])"
1351650585.0,steps_curr,"(39.11204932991906, ['vertex2', 'vertex3', 'vertex6', 'vertex5', 'vertex4'])"
1351650585.0,steps_avg,"(36.82246781465782, ['vertex2', 'vertex6', 'vertex3', 'vertex5', 'vertex4'])"
1351650585.0,steps_max,"(36.82246781465782, ['vertex2', 'vertex6', 'vertex3', 'vertex5', 'vertex4'])"
1351650585.0,steps_min,"(36.82246781465782, ['vertex2', 'vertex6', 'vertex3', 'vertex5', 'vertex4'])"
1351650585.0,steps_lrtdp,"(36.82246781465782, ['vertex2', 'vertex6', 'vertex3', 'vertex5', 'vertex4'])"
1351647022.725,steps_curr,"(52.31204932991906, ['vertex2', 'vertex3', 'vertex6', 'vertex5', 'vertex4'])"
1351647022.725,steps_avg,"(34.422467814657814, ['vertex2', 'vertex6', 'vertex3', 'vertex5', 'vertex4'])"
1351647022.725,steps_max,"(34.422467814657814, ['vertex2', 'vertex6', 'vertex3', 'vertex5', 'vertex4'])"
1351647022.725,steps_min,"(34.422467814657814, ['vertex2', 'vertex6', 'vertex3', 'vertex5', 'vertex4'])"
1351647022.725,steps_lrtdp,"(34.422467814657814, ['vertex2', 'vertex6', 'vertex3', 'vertex5', 'vertex4'])"
1351649216.783,steps_curr,"(36.82246781465782, ['vertex2', 'vertex6', 'vertex3', 'vertex5', 'vertex4'])"
1351649216.783,steps_avg,"(36.82246781465782, ['vertex2', 'vertex6', 'vertex3', 'vertex5', 'vertex4'])"
1351649216.783,steps_max,"(36.82246781465782, ['vertex2', 'vertex6', 'vertex3', 'vertex5', 'vertex4'])"
1351649216.783,steps_min,"(36.82246781465782, ['vertex2', 'vertex6', 'vertex3', 'vertex5', 'vertex4'])"
1351649216.783,steps_lrtdp,"(36.82246781465782, ['vertex2', 'vertex6', 'vertex3', 'vertex5', 'vertex4'])"
1351647459.29,steps_curr,"(26.022467814657816, ['vertex2', 'vertex6', 'vertex3', 'vertex5', 'vertex4'])"
1351647459.29,steps_avg,"(26.022467814657816, ['vertex2', 'vertex6', 'vertex3', 'vertex5', 'vertex4'])"
1351647459.29,steps_max,"(26.022467814657816, ['vertex2', 'vertex6', 'vertex3', 'vertex5', 'vertex4'])"
1351647459.29,steps_min,"(26.022467814657816, ['vertex2', 'vertex6', 'vertex3', 'vertex5', 'vertex4'])"
1351647459.29,steps_lrtdp,"(26.022467814657816, ['vertex2', 'vertex6', 'vertex3', 'vertex5', 'vertex4'])"
1351648295.808,steps_curr,"(74.02246781465782, ['vertex2', 'vertex6', 'vertex3', 'vertex5', 'vertex4'])"
1351648295.808,steps_avg,"(74.02246781465782, ['vertex2', 'vertex6', 'vertex3', 'vertex5', 'vertex4'])"
1351648295.808,steps_max,"(74.02246781465782, ['vertex2', 'vertex6', 'vertex3', 'vertex5', 'vertex4'])"
1351648295.808,steps_min,"(74.02246781465782, ['vertex2', 'vertex6', 'vertex3', 'vertex5', 'vertex4'])"
1351648295.808,steps_lrtdp,"(67.68614504144796, ['vertex2', 'vertex6', 'vertex3', 'vertex6', 'vertex3', 'vertex5', 'vertex3', 'vertex5', 'vertex4'])"
1351649362.166,steps_curr,"(36.82246781465781, ['vertex2', 'vertex6', 'vertex3', 'vertex5', 'vertex4'])"
1351649362.166,steps_avg,"(36.82246781465781, ['vertex2', 'vertex6', 'vertex3', 'vertex5', 'vertex4'])"
1351649362.166,steps_max,"(36.82246781465781, ['vertex2', 'vertex6', 'vertex3', 'vertex5', 'vertex4'])"
1351649362.166,steps_min,"(36.82246781465781, ['vertex2', 'vertex6', 'vertex3', 'vertex5', 'vertex4'])"
1351649362.166,steps_lrtdp,"(36.82246781465781, ['vertex2', 'vertex6', 'vertex3', 'vertex5', 'vertex4'])"
1351647823.409,steps_curr,"(34.422467814657814, ['vertex2', 'vertex6', 'vertex3', 'vertex5', 'vertex4'])"
1351647823.409,steps_avg,"(34.422467814657814, ['vertex2', 'vertex6', 'vertex3', 'vertex5', 'vertex4'])"
1351647823.409,steps_max,"(34.422467814657814, ['vertex2', 'vertex6', 'vertex3', 'vertex5', 'vertex4'])"
1351647823.409,steps_min,"(34.422467814657814, ['vertex2', 'vertex6', 'vertex3', 'vertex5', 'vertex4'])"
1351647823.409,steps_lrtdp,"(34.422467814657814, ['vertex2', 'vertex6', 'vertex3', 'vertex5', 'vertex4'])"
1351649577.0,steps_curr,"(40.31204932991905, ['vertex2', 'vertex3', 'vertex6', 'vertex5', 'vertex4'])"
1351649577.0,steps_avg,"(44.022467814657816, ['vertex2', 'vertex6', 'vertex3', 'vertex5', 'vertex4'])"
1351649577.0,steps_max,"(44.022467814657816, ['vertex2', 'vertex6', 'vertex3', 'vertex5', 'vertex4'])"
1351649577.0,steps_min,"(44.022467814657816, ['vertex2', 'vertex6', 'vertex3', 'vertex5', 'vertex4'])"
1351649577.0,steps_lrtdp,"(44.022467814657816, ['vertex2', 'vertex6', 'vertex3', 'vertex5', 'vertex4'])"
1351649607.451,steps_curr,"(30.822467814657813, ['vertex2', 'vertex6', 'vertex3', 'vertex5', 'vertex4'])"
1351649607.451,steps_avg,"(30.822467814657813, ['vertex2', 'vertex6', 'vertex3', 'vertex5', 'vertex4'])"
1351649607.451,steps_max,"(30.822467814657813, ['vertex2', 'vertex6', 'vertex3', 'vertex5', 'vertex4'])"
1351649607.451,steps_min,"(30.822467814657813, ['vertex2', 'vertex6', 'vertex3', 'vertex5', 'vertex4'])"
1351649607.451,steps_lrtdp,"(30.822467814657813, ['vertex2', 'vertex6', 'vertex3', 'vertex5', 'vertex4'])"
1351642424.404,steps_curr,"(42.82246781465782, ['vertex2', 'vertex6', 'vertex3', 'vertex5', 'vertex4'])"
1351642424.404,steps_avg,"(42.82246781465782, ['vertex2', 'vertex6', 'vertex3', 'vertex5', 'vertex4'])"
1351642424.404,steps_max,"(42.82246781465782, ['vertex2', 'vertex6', 'vertex3', 'vertex5', 'vertex4'])"
1351642424.404,steps_min,"(42.82246781465782, ['vertex2', 'vertex6', 'vertex3', 'vertex5', 'vertex4'])"
1351642424.404,steps_lrtdp,"(42.82246781465782, ['vertex2', 'vertex6', 'vertex3', 'vertex5', 'vertex4'])"
1351641832.635,steps_curr,"(26.022467814657816, ['vertex2', 'vertex6', 'vertex3', 'vertex5', 'vertex4'])"
1351641832.635,steps_avg,"(26.022467814657816, ['vertex2', 'vertex6', 'vertex3', 'vertex5', 'vertex4'])"
1351641832.635,steps_max,"(26.022467814657816, ['vertex2', 'vertex6', 'vertex3', 'vertex5', 'vertex4'])"
1351641832.635,steps_min,"(26.022467814657816, ['vertex2', 'vertex6', 'vertex3', 'vertex5', 'vertex4'])"
1351641832.635,steps_lrtdp,"(26.022467814657816, ['vertex2', 'vertex6', 'vertex3', 'vertex5', 'vertex4'])"
1351650175.803,steps_curr,"(26.022467814657816, ['vertex2', 'vertex6', 'vertex3', 'vertex5', 'vertex4'])"
1351650175.803,steps_avg,"(26.022467814657816, ['vertex2', 'vertex6', 'vertex3', 'vertex5', 'vertex4'])"
1351650175.803,steps_max,"(26.022467814657816, ['vertex2', 'vertex6', 'vertex3', 'vertex5', 'vertex4'])"
1351650175.803,steps_min,"(26.022467814657816, ['vertex2', 'vertex6', 'vertex3', 'vertex5', 'vertex4'])"
1351650175.803,steps_lrtdp,"(26.022467814657816, ['vertex2', 'vertex6', 'vertex3', 'vertex5', 'vertex4'])"
1351647982.177,steps_curr,"(34.422467814657814, ['vertex2', 'vertex6', 'vertex3', 'vertex5', 'vertex4'])"
1351647982.177,steps_avg,"(34.422467814657814, ['vertex2', 'vertex6', 'vertex3', 'vertex5', 'vertex4'])"
1351647982.177,steps_max,"(34.422467814657814, ['vertex2', 'vertex6', 'vertex3', 'vertex5', 'vertex4'])"
1351647982.177,steps_min,"(34.422467814657814, ['vertex2', 'vertex6', 'vertex3', 'vertex5', 'vertex4'])"
1351647982.177,steps_lrtdp,"(34.422467814657814, ['vertex2', 'vertex6', 'vertex3', 'vertex5', 'vertex4'])"
1351648966.53,steps_curr,"(31.912049329919057, ['vertex2', 'vertex3', 'vertex6', 'vertex5', 'vertex4'])"
1351648966.53,steps_avg,"(32.022467814657816, ['vertex2', 'vertex6', 'vertex3', 'vertex5', 'vertex4'])"
1351648966.53,steps_max,"(32.022467814657816, ['vertex2', 'vertex6', 'vertex3', 'vertex5', 'vertex4'])"
1351648966.53,steps_min,"(32.022467814657816, ['vertex2', 'vertex6', 'vertex3', 'vertex5', 'vertex4'])"
1351648966.53,steps_lrtdp,"(30.558688610793915, ['vertex2', 'vertex3', 'vertex6', 'vertex3', 'vertex5', 'vertex4'])"
1351649402.883,steps_curr,"(30.822467814657816, ['vertex2', 'vertex6', 'vertex3', 'vertex5', 'vertex4'])"
1351649402.883,steps_avg,"(30.822467814657816, ['vertex2', 'vertex6', 'vertex3', 'vertex5', 'vertex4'])"
1351649402.883,steps_max,"(30.822467814657816, ['vertex2', 'vertex6', 'vertex3', 'vertex5', 'vertex4'])"
1351649402.883,steps_min,"(30.822467814657816, ['vertex2', 'vertex6', 'vertex3', 'vertex5', 'vertex4'])"
1351649402.883,steps_lrtdp,"(30.822467814657816, ['vertex2', 'vertex6', 'vertex3', 'vertex5', 'vertex4'])"
1351645065.657,steps_curr,"(26.022467814657816, ['vertex2', 'vertex6', 'vertex3', 'vertex5', 'vertex4'])"
1351645065.657,steps_avg,"(26.022467814657816, ['vertex2', 'vertex6', 'vertex3', 'vertex5', 'vertex4'])"
1351645065.657,steps_max,"(26.022467814657816, ['vertex2', 'vertex6', 'vertex3', 'vertex5', 'vertex4'])"
1351645065.657,steps_min,"(26.022467814657816, ['vertex2', 'vertex6', 'vertex3', 'vertex5', 'vertex4'])"
1351645065.657,steps_lrtdp,"(26.022467814657816, ['vertex2', 'vertex6', 'vertex3', 'vertex5', 'vertex4'])"
1351650857.028,steps_curr,"(28.422467814657814, ['vertex2', 'vertex6', 'vertex3', 'vertex5', 'vertex4'])"
1351650857.028,steps_avg,"(28.422467814657814, ['vertex2', 'vertex6', 'vertex3', 'vertex5', 'vertex4'])"
1351650857.028,steps_max,"(28.422467814657814, ['vertex2', 'vertex6', 'vertex3', 'vertex5', 'vertex4'])"
1351650857.028,steps_min,"(28.422467814657814, ['vertex2', 'vertex6', 'vertex3', 'vertex5', 'vertex4'])"
1351650857.028,steps_lrtdp,"(28.422467814657814, ['vertex2', 'vertex6', 'vertex3', 'vertex5', 'vertex4'])"
1351650049.822,steps_curr,"(34.312049329919056, ['vertex2', 'vertex3', 'vertex6', 'vertex5', 'vertex4'])"
1351650049.822,steps_avg,"(35.62246781465782, ['vertex2', 'vertex6', 'vertex3', 'vertex5', 'vertex4'])"
1351650049.822,steps_max,"(35.62246781465782, ['vertex2', 'vertex6', 'vertex3', 'vertex5', 'vertex4'])"
1351650049.822,steps_min,"(35.62246781465782, ['vertex2', 'vertex6', 'vertex3', 'vertex5', 'vertex4'])"
1351650049.822,steps_lrtdp,"(34.312049329919056, ['vertex2', 'vertex3', 'vertex6', 'vertex5', 'vertex4'])"
1351642339.679,steps_curr,"(27.22246781465782, ['vertex2', 'vertex6', 'vertex3', 'vertex5', 'vertex4'])"
1351642339.679,steps_avg,"(27.22246781465782, ['vertex2', 'vertex6', 'vertex3', 'vertex5', 'vertex4'])"
1351642339.679,steps_max,"(27.22246781465782, ['vertex2', 'vertex6', 'vertex3', 'vertex5', 'vertex4'])"
1351642339.679,steps_min,"(27.22246781465782, ['vertex2', 'vertex6', 'vertex3', 'vertex5', 'vertex4'])"
1351642339.679,steps_lrtdp,"(27.22246781465782, ['vertex2', 'vertex6', 'vertex3', 'vertex5', 'vertex4'])"
1351645595.878,steps_curr,"(41.62246781465782, ['vertex2', 'vertex6', 'vertex3', 'vertex5', 'vertex4'])"
1351645595.878,steps_avg,"(41.62246781465782, ['vertex2', 'vertex6', 'vertex3', 'vertex5', 'vertex4'])"
1351645595.878,steps_max,"(41.62246781465782, ['vertex2', 'vertex6', 'vertex3', 'vertex5', 'vertex4'])"
1351645595.878,steps_min,"(41.62246781465782, ['vertex2', 'vertex6', 'vertex3', 'vertex5', 'vertex4'])"
1351645595.878,steps_lrtdp,"(34.312049329919056, ['vertex2', 'vertex3', 'vertex6', 'vertex5', 'vertex4'])"
1351649616.0,steps_curr,"(35.51204932991905, ['vertex2', 'vertex3', 'vertex6', 'vertex5', 'vertex4'])"
1351649616.0,steps_avg,"(28.422467814657818, ['vertex2', 'vertex6', 'vertex3', 'vertex5', 'vertex4'])"
1351649616.0,steps_max,"(28.422467814657818, ['vertex2', 'vertex6', 'vertex3', 'vertex5', 'vertex4'])"
1351649616.0,steps_min,"(28.422467814657818, ['vertex2', 'vertex6', 'vertex3', 'vertex5', 'vertex4'])"
1351649616.0,steps_lrtdp,"(28.422467814657818, ['vertex2', 'vertex6', 'vertex3', 'vertex5', 'vertex4'])"
1351648524.03,steps_curr,"(35.62246781465782, ['vertex2', 'vertex6', 'vertex3', 'vertex5', 'vertex4'])"
1351648524.03,steps_avg,"(35.62246781465782, ['vertex2', 'vertex6', 'vertex3', 'vertex5', 'vertex4'])"
1351648524.03,steps_max,"(35.62246781465782, ['vertex2', 'vertex6', 'vertex3', 'vertex5', 'vertex4'])"
1351648524.03,steps_min,"(35.62246781465782, ['vertex2', 'vertex6', 'vertex3', 'vertex5', 'vertex4'])"
1351648524.03,steps_lrtdp,"(35.62246781465782, ['vertex2', 'vertex6', 'vertex3', 'vertex5', 'vertex4'])"
1351645656.511,steps_curr,"(33.22246781465782, ['vertex2', 'vertex6', 'vertex3', 'vertex5', 'vertex4'])"
1351645656.511,steps_avg,"(33.22246781465782, ['vertex2', 'vertex6', 'vertex3', 'vertex5', 'vertex4'])"
1351645656.511,steps_max,"(33.22246781465782, ['vertex2', 'vertex6', 'vertex3', 'vertex5', 'vertex4'])"
1351645656.511,steps_min,"(33.22246781465782, ['vertex2', 'vertex6', 'vertex3', 'vertex5', 'vertex4'])"
1351645656.511,steps_lrtdp,"(33.22246781465782, ['vertex2', 'vertex6', 'vertex3', 'vertex5', 'vertex4'])"
1351643939.91,steps_curr,"(33.22246781465782, ['vertex2', 'vertex6', 'vertex3', 'vertex5', 'vertex4'])"
1351643939.91,steps_avg,"(33.22246781465782, ['vertex2', 'vertex6', 'vertex3', 'vertex5', 'vertex4'])"
1351643939.91,steps_max,"(33.22246781465782, ['vertex2', 'vertex6', 'vertex3', 'vertex5', 'vertex4'])"
1351643939.91,steps_min,"(33.22246781465782, ['vertex2', 'vertex6', 'vertex3', 'vertex5', 'vertex4'])"
1351643939.91,steps_lrtdp,"(33.22246781465782, ['vertex2', 'vertex6', 'vertex3', 'vertex5', 'vertex4'])"
1351644873.262,steps_curr,"(26.022467814657816, ['vertex2', 'vertex6', 'vertex3', 'vertex5', 'vertex4'])"
1351644873.262,steps_avg,"(26.022467814657816, ['vertex2', 'vertex6', 'vertex3', 'vertex5', 'vertex4'])"
1351644873.262,steps_max,"(26.022467814657816, ['vertex2', 'vertex6', 'vertex3', 'vertex5', 'vertex4'])"
1351644873.262,steps_min,"(26.022467814657816, ['vertex2', 'vertex6', 'vertex3', 'vertex5', 'vertex4'])"
1351644873.262,steps_lrtdp,"(26.022467814657816, ['vertex2', 'vertex6', 'vertex3', 'vertex5', 'vertex4'])"
1351651158.0,steps_curr,"(47.51204932991905, ['vertex2', 'vertex3', 'vertex6', 'vertex5', 'vertex4'])"
1351651158.0,steps_avg,"(48.82246781465781, ['vertex2', 'vertex6', 'vertex3', 'vertex5', 'vertex4'])"
1351651158.0,steps_max,"(48.82246781465781, ['vertex2', 'vertex6', 'vertex3', 'vertex5', 'vertex4'])"
1351651158.0,steps_min,"(48.82246781465781, ['vertex2', 'vertex6', 'vertex3', 'vertex5', 'vertex4'])"
1351651158.0,steps_lrtdp,"(45.09620374453839, ['vertex2', 'vertex6', 'vertex3', 'vertex6', 'vertex5', 'vertex4'])"
1351644501.089,steps_curr,"(39.11204932991905, ['vertex2', 'vertex3', 'vertex6', 'vertex5', 'vertex4'])"
1351644501.089,steps_avg,"(29.622467814657817, ['vertex2', 'vertex6', 'vertex3', 'vertex5', 'vertex4'])"
1351644501.089,steps_max,"(29.622467814657817, ['vertex2', 'vertex6', 'vertex3', 'vertex5', 'vertex4'])"
1351644501.089,steps_min,"(29.622467814657817, ['vertex2', 'vertex6', 'vertex3', 'vertex5', 'vertex4'])"
1351644501.089,steps_lrtdp,"(29.622467814657817, ['vertex2', 'vertex6', 'vertex3', 'vertex5', 'vertex4'])"
1351650993.11,steps_curr,"(58.312049329919056, ['vertex2', 'vertex3', 'vertex6', 'vertex5', 'vertex4'])"
1351650993.11,steps_avg,"(27.22246781465782, ['vertex2', 'vertex6', 'vertex3', 'vertex5', 'vertex4'])"
1351650993.11,steps_max,"(27.22246781465782, ['vertex2', 'vertex6', 'vertex3', 'vertex5', 'vertex4'])"
1351650993.11,steps_min,"(27.22246781465782, ['vertex2', 'vertex6', 'vertex3', 'vertex5', 'vertex4'])"
1351650993.11,steps_lrtdp,"(27.22246781465782, ['vertex2', 'vertex6', 'vertex3', 'vertex5', 'vertex4'])"
1351651106.594,steps_curr,"(32.022467814657816, ['vertex2', 'vertex6', 'vertex3', 'vertex5', 'vertex4'])"
1351651106.594,steps_avg,"(32.022467814657816, ['vertex2', 'vertex6', 'vertex3', 'vertex5', 'vertex4'])"
1351651106.594,steps_max,"(32.022467814657816, ['vertex2', 'vertex6', 'vertex3', 'vertex5', 'vertex4'])"
1351651106.594,steps_min,"(32.022467814657816, ['vertex2', 'vertex6', 'vertex3', 'vertex5', 'vertex4'])"
1351651106.594,steps_lrtdp,"(32.022467814657816, ['vertex2', 'vertex6', 'vertex3', 'vertex5', 'vertex4'])"
1351650687.681,steps_curr,"(45.11204932991905, ['vertex2', 'vertex3', 'vertex6', 'vertex5', 'vertex4'])"
1351650687.681,steps_avg,"(30.822467814657816, ['vertex2', 'vertex6', 'vertex3', 'vertex5', 'vertex4'])"
1351650687.681,steps_max,"(30.822467814657816, ['vertex2', 'vertex6', 'vertex3', 'vertex5', 'vertex4'])"
1351650687.681,steps_min,"(30.822467814657816, ['vertex2', 'vertex6', 'vertex3', 'vertex5', 'vertex4'])"
1351650687.681,steps_lrtdp,"(30.822467814657816, ['vertex2', 'vertex6', 'vertex3', 'vertex5', 'vertex4'])"
1351645292.789,steps_curr,"(32.022467814657816, ['vertex2', 'vertex6', 'vertex3', 'vertex5', 'vertex4'])"
1351645292.789,steps_avg,"(32.022467814657816, ['vertex2', 'vertex6', 'vertex3', 'vertex5', 'vertex4'])"
1351645292.789,steps_max,"(32.022467814657816, ['vertex2', 'vertex6', 'vertex3', 'vertex5', 'vertex4'])"
1351645292.789,steps_min,"(32.022467814657816, ['vertex2', 'vertex6', 'vertex3', 'vertex5', 'vertex4'])"
1351645292.789,steps_lrtdp,"(32.022467814657816, ['vertex2', 'vertex6', 'vertex3', 'vertex5', 'vertex4'])"
1351651218.32,steps_curr,"(32.022467814657816, ['vertex2', 'vertex6', 'vertex3', 'vertex5', 'vertex4'])"
1351651218.32,steps_avg,"(32.022467814657816, ['vertex2', 'vertex6', 'vertex3', 'vertex5', 'vertex4'])"
1351651218.32,steps_max,"(32.022467814657816, ['vertex2', 'vertex6', 'vertex3', 'vertex5', 'vertex4'])"
1351651218.32,steps_min,"(32.022467814657816, ['vertex2', 'vertex6', 'vertex3', 'vertex5', 'vertex4'])"
1351651218.32,steps_lrtdp,"(32.022467814657816, ['vertex2', 'vertex6', 'vertex3', 'vertex5', 'vertex4'])"
1351642262.675,steps_curr,"(30.822467814657813, ['vertex2', 'vertex6', 'vertex3', 'vertex5', 'vertex4'])"
1351642262.675,steps_avg,"(30.822467814657813, ['vertex2', 'vertex6', 'vertex3', 'vertex5', 'vertex4'])"
1351642262.675,steps_max,"(30.822467814657813, ['vertex2', 'vertex6', 'vertex3', 'vertex5', 'vertex4'])"
1351642262.675,steps_min,"(30.822467814657813, ['vertex2', 'vertex6', 'vertex3', 'vertex5', 'vertex4'])"
1351642262.675,steps_lrtdp,"(30.822467814657813, ['vertex2', 'vertex6', 'vertex3', 'vertex5', 'vertex4'])"
1351651379.17,steps_curr,"(34.422467814657814, ['vertex2', 'vertex6', 'vertex3', 'vertex5', 'vertex4'])"
1351651379.17,steps_avg,"(34.422467814657814, ['vertex2', 'vertex6', 'vertex3', 'vertex5', 'vertex4'])"
1351651379.17,steps_max,"(34.422467814657814, ['vertex2', 'vertex6', 'vertex3', 'vertex5', 'vertex4'])"
1351651379.17,steps_min,"(34.422467814657814, ['vertex2', 'vertex6', 'vertex3', 'vertex5', 'vertex4'])"
1351651379.17,steps_lrtdp,"(34.422467814657814, ['vertex2', 'vertex6', 'vertex3', 'vertex5', 'vertex4'])"
1351642587.053,steps_curr,"(36.712049329919054, ['vertex2', 'vertex3', 'vertex6', 'vertex5', 'vertex4'])"
1351642587.053,steps_avg,"(39.22246781465782, ['vertex2', 'vertex6', 'vertex3', 'vertex5', 'vertex4'])"
1351642587.053,steps_max,"(39.22246781465782, ['vertex2', 'vertex6', 'vertex3', 'vertex5', 'vertex4'])"
1351642587.053,steps_min,"(39.22246781465782, ['vertex2', 'vertex6', 'vertex3', 'vertex5', 'vertex4'])"
1351642587.053,steps_lrtdp,"(39.22246781465782, ['vertex2', 'vertex6', 'vertex3', 'vertex5', 'vertex4'])"
1351648109.761,steps_curr,"(34.42246781465782, ['vertex2', 'vertex6', 'vertex3', 'vertex5', 'vertex4'])"
1351648109.761,steps_avg,"(34.42246781465782, ['vertex2', 'vertex6', 'vertex3', 'vertex5', 'vertex4'])"
1351648109.761,steps_max,"(34.42246781465782, ['vertex2', 'vertex6', 'vertex3', 'vertex5', 'vertex4'])"
1351648109.761,steps_min,"(34.42246781465782, ['vertex2', 'vertex6', 'vertex3', 'vertex5', 'vertex4'])"
1351648109.761,steps_lrtdp,"(34.42246781465782, ['vertex2', 'vertex6', 'vertex3', 'vertex5', 'vertex4'])"
1351643979.334,steps_curr,"(26.022467814657816, ['vertex2', 'vertex6', 'vertex3', 'vertex5', 'vertex4'])"
1351643979.334,steps_avg,"(26.022467814657816, ['vertex2', 'vertex6', 'vertex3', 'vertex5', 'vertex4'])"
1351643979.334,steps_max,"(26.022467814657816, ['vertex2', 'vertex6', 'vertex3', 'vertex5', 'vertex4'])"
1351643979.334,steps_min,"(26.022467814657816, ['vertex2', 'vertex6', 'vertex3', 'vertex5', 'vertex4'])"
1351643979.334,steps_lrtdp,"(26.022467814657816, ['vertex2', 'vertex6', 'vertex3', 'vertex5', 'vertex4'])"
1351647541.545,steps_curr,"(28.422467814657814, ['vertex2', 'vertex6', 'vertex3', 'vertex5', 'vertex4'])"
1351647541.545,steps_avg,"(28.422467814657814, ['vertex2', 'vertex6', 'vertex3', 'vertex5', 'vertex4'])"
1351647541.545,steps_max,"(28.422467814657814, ['vertex2', 'vertex6', 'vertex3', 'vertex5', 'vertex4'])"
1351647541.545,steps_min,"(28.422467814657814, ['vertex2', 'vertex6', 'vertex3', 'vertex5', 'vertex4'])"
1351647541.545,steps_lrtdp,"(28.422467814657814, ['vertex2', 'vertex6', 'vertex3', 'vertex5', 'vertex4'])"
1351650326.388,steps_curr,"(26.022467814657816, ['vertex2', 'vertex6', 'vertex3', 'vertex5', 'vertex4'])"
1351650326.388,steps_avg,"(26.022467814657816, ['vertex2', 'vertex6', 'vertex3', 'vertex5', 'vertex4'])"
1351650326.388,steps_max,"(26.022467814657816, ['vertex2', 'vertex6', 'vertex3', 'vertex5', 'vertex4'])"
1351650326.388,steps_min,"(26.022467814657816, ['vertex2', 'vertex6', 'vertex3', 'vertex5', 'vertex4'])"
1351650326.388,steps_lrtdp,"(26.022467814657816, ['vertex2', 'vertex6', 'vertex3', 'vertex5', 'vertex4'])"
1351649509.292,steps_curr,"(27.22246781465782, ['vertex2', 'vertex6', 'vertex3', 'vertex5', 'vertex4'])"
1351649509.292,steps_avg,"(27.22246781465782, ['vertex2', 'vertex6', 'vertex3', 'vertex5', 'vertex4'])"
1351649509.292,steps_max,"(27.22246781465782, ['vertex2', 'vertex6', 'vertex3', 'vertex5', 'vertex4'])"
1351649509.292,steps_min,"(27.22246781465782, ['vertex2', 'vertex6', 'vertex3', 'vertex5', 'vertex4'])"
1351649509.292,steps_lrtdp,"(27.22246781465782, ['vertex2', 'vertex6', 'vertex3', 'vertex5', 'vertex4'])"
1351651055.852,steps_curr,"(38.022467814657816, ['vertex2', 'vertex6', 'vertex3', 'vertex5', 'vertex4'])"
1351651055.852,steps_avg,"(38.022467814657816, ['vertex2', 'vertex6', 'vertex3', 'vertex5', 'vertex4'])"
1351651055.852,steps_max,"(38.022467814657816, ['vertex2', 'vertex6', 'vertex3', 'vertex5', 'vertex4'])"
1351651055.852,steps_min,"(38.022467814657816, ['vertex2', 'vertex6', 'vertex3', 'vertex5', 'vertex4'])"
1351651055.852,steps_lrtdp,"(37.8962037445384, ['vertex2', 'vertex6', 'vertex3', 'vertex6', 'vertex5', 'vertex4'])"
1351648907.213,steps_curr,"(33.22246781465782, ['vertex2', 'vertex6', 'vertex3', 'vertex5', 'vertex4'])"
1351648907.213,steps_avg,"(33.22246781465782, ['vertex2', 'vertex6', 'vertex3', 'vertex5', 'vertex4'])"
1351648907.213,steps_max,"(33.22246781465782, ['vertex2', 'vertex6', 'vertex3', 'vertex5', 'vertex4'])"
1351648907.213,steps_min,"(33.22246781465782, ['vertex2', 'vertex6', 'vertex3', 'vertex5', 'vertex4'])"
1351648907.213,steps_lrtdp,"(33.22246781465782, ['vertex2', 'vertex6', 'vertex3', 'vertex5', 'vertex4'])"
1351650449.895,steps_curr,"(52.42246781465782, ['vertex2', 'vertex6', 'vertex3', 'vertex5', 'vertex4'])"
1351650449.895,steps_avg,"(52.42246781465782, ['vertex2', 'vertex6', 'vertex3', 'vertex5', 'vertex4'])"
1351650449.895,steps_max,"(52.42246781465782, ['vertex2', 'vertex6', 'vertex3', 'vertex5', 'vertex4'])"
1351650449.895,steps_min,"(52.42246781465782, ['vertex2', 'vertex6', 'vertex3', 'vertex5', 'vertex4'])"
1351650449.895,steps_lrtdp,"(53.23242454067449, ['vertex2', 'vertex3', 'vertex6', 'vertex3', 'vertex6', 'vertex5', 'vertex4'])"
1351644373.912,steps_curr,"(33.22246781465782, ['vertex2', 'vertex6', 'vertex3', 'vertex5', 'vertex4'])"
1351644373.912,steps_avg,"(33.22246781465782, ['vertex2', 'vertex6', 'vertex3', 'vertex5', 'vertex4'])"
1351644373.912,steps_max,"(33.22246781465782, ['vertex2', 'vertex6', 'vertex3', 'vertex5', 'vertex4'])"
1351644373.912,steps_min,"(33.22246781465782, ['vertex2', 'vertex6', 'vertex3', 'vertex5', 'vertex4'])"
1351644373.912,steps_lrtdp,"(33.22246781465782, ['vertex2', 'vertex6', 'vertex3', 'vertex5', 'vertex4'])"
1351642738.028,steps_curr,"(34.422467814657814, ['vertex2', 'vertex6', 'vertex3', 'vertex5', 'vertex4'])"
1351642738.028,steps_avg,"(34.422467814657814, ['vertex2', 'vertex6', 'vertex3', 'vertex5', 'vertex4'])"
1351642738.028,steps_max,"(34.422467814657814, ['vertex2', 'vertex6', 'vertex3', 'vertex5', 'vertex4'])"
1351642738.028,steps_min,"(34.422467814657814, ['vertex2', 'vertex6', 'vertex3', 'vertex5', 'vertex4'])"
1351642738.028,steps_lrtdp,"(31.896203744538397, ['vertex2', 'vertex6', 'vertex3', 'vertex6', 'vertex5', 'vertex4'])"
1351641919.998,steps_curr,"(30.822467814657813, ['vertex2', 'vertex6', 'vertex3', 'vertex5', 'vertex4'])"
1351641919.998,steps_avg,"(30.822467814657813, ['vertex2', 'vertex6', 'vertex3', 'vertex5', 'vertex4'])"
1351641919.998,steps_max,"(30.822467814657813, ['vertex2', 'vertex6', 'vertex3', 'vertex5', 'vertex4'])"
1351641919.998,steps_min,"(30.822467814657813, ['vertex2', 'vertex6', 'vertex3', 'vertex5', 'vertex4'])"
1351641919.998,steps_lrtdp,"(30.822467814657813, ['vertex2', 'vertex6', 'vertex3', 'vertex5', 'vertex4'])"
1351648175.044,steps_curr,"(44.022467814657816, ['vertex2', 'vertex6', 'vertex3', 'vertex5', 'vertex4'])"
1351648175.044,steps_avg,"(44.022467814657816, ['vertex2', 'vertex6', 'vertex3', 'vertex5', 'vertex4'])"
1351648175.044,steps_max,"(44.022467814657816, ['vertex2', 'vertex6', 'vertex3', 'vertex5', 'vertex4'])"
1351648175.044,steps_min,"(44.022467814657816, ['vertex2', 'vertex6', 'vertex3', 'vertex5', 'vertex4'])"
1351648175.044,steps_lrtdp,"(44.022467814657816, ['vertex2', 'vertex6', 'vertex3', 'vertex5', 'vertex4'])"
1351644724.022,steps_curr,"(27.22246781465782, ['vertex2', 'vertex6', 'vertex3', 'vertex5', 'vertex4'])"
1351644724.022,steps_avg,"(27.22246781465782, ['vertex2', 'vertex6', 'vertex3', 'vertex5', 'vertex4'])"
1351644724.022,steps_max,"(27.22246781465782, ['vertex2', 'vertex6', 'vertex3', 'vertex5', 'vertex4'])"
1351644724.022,steps_min,"(27.22246781465782, ['vertex2', 'vertex6', 'vertex3', 'vertex5', 'vertex4'])"
1351644724.022,steps_lrtdp,"(27.22246781465782, ['vertex2', 'vertex6', 'vertex3', 'vertex5', 'vertex4'])"
1351649310.552,steps_curr,"(39.22246781465782, ['vertex2', 'vertex6', 'vertex3', 'vertex5', 'vertex4'])"
1351649310.552,steps_avg,"(39.22246781465782, ['vertex2', 'vertex6', 'vertex3', 'vertex5', 'vertex4'])"
1351649310.552,steps_max,"(39.22246781465782, ['vertex2', 'vertex6', 'vertex3', 'vertex5', 'vertex4'])"
1351649310.552,steps_min,"(39.22246781465782, ['vertex2', 'vertex6', 'vertex3', 'vertex5', 'vertex4'])"
1351649310.552,steps_lrtdp,"(39.22246781465782, ['vertex2', 'vertex6', 'vertex3', 'vertex5', 'vertex4'])"
1351648331.038,steps_curr,"(32.022467814657816, ['vertex2', 'vertex6', 'vertex3', 'vertex5', 'vertex4'])"
1351648331.038,steps_avg,"(32.022467814657816, ['vertex2', 'vertex6', 'vertex3', 'vertex5', 'vertex4'])"
1351648331.038,steps_max,"(32.022467814657816, ['vertex2', 'vertex6', 'vertex3', 'vertex5', 'vertex4'])"
1351648331.038,steps_min,"(32.022467814657816, ['vertex2', 'vertex6', 'vertex3', 'vertex5', 'vertex4'])"
1351648331.038,steps_lrtdp,"(32.022467814657816, ['vertex2', 'vertex6', 'vertex3', 'vertex5', 'vertex4'])"
1351647260.982,steps_curr,"(28.422467814657814, ['vertex2', 'vertex6', 'vertex3', 'vertex5', 'vertex4'])"
1351647260.982,steps_avg,"(28.422467814657814, ['vertex2', 'vertex6', 'vertex3', 'vertex5', 'vertex4'])"
1351647260.982,steps_max,"(28.422467814657814, ['vertex2', 'vertex6', 'vertex3', 'vertex5', 'vertex4'])"
1351647260.982,steps_min,"(28.422467814657814, ['vertex2', 'vertex6', 'vertex3', 'vertex5', 'vertex4'])"
1351647260.982,steps_lrtdp,"(28.422467814657814, ['vertex2', 'vertex6', 'vertex3', 'vertex5', 'vertex4'])"
1351648210.155,steps_curr,"(45.22246781465782, ['vertex2', 'vertex6', 'vertex3', 'vertex5', 'vertex4'])"
1351648210.155,steps_avg,"(45.22246781465782, ['vertex2', 'vertex6', 'vertex3', 'vertex5', 'vertex4'])"
1351648210.155,steps_max,"(45.22246781465782, ['vertex2', 'vertex6', 'vertex3', 'vertex5', 'vertex4'])"
1351648210.155,steps_min,"(45.22246781465782, ['vertex2', 'vertex6', 'vertex3', 'vertex5', 'vertex4'])"
1351648210.155,steps_lrtdp,"(43.74284302541325, ['vertex2', 'vertex6', 'vertex3', 'vertex6', 'vertex3', 'vertex5', 'vertex4'])"
1351650634.514,steps_curr,"(26.022467814657816, ['vertex2', 'vertex6', 'vertex3', 'vertex5', 'vertex4'])"
1351650634.514,steps_avg,"(26.022467814657816, ['vertex2', 'vertex6', 'vertex3', 'vertex5', 'vertex4'])"
1351650634.514,steps_max,"(26.022467814657816, ['vertex2', 'vertex6', 'vertex3', 'vertex5', 'vertex4'])"
1351650634.514,steps_min,"(26.022467814657816, ['vertex2', 'vertex6', 'vertex3', 'vertex5', 'vertex4'])"
1351650634.514,steps_lrtdp,"(26.022467814657816, ['vertex2', 'vertex6', 'vertex3', 'vertex5', 'vertex4'])"
1351651161.866,steps_curr,"(44.93659446616174, ['vertex2', 'vertex6', 'vertex5', 'vertex3', 'vertex4'])"
1351651161.866,steps_avg,"(41.62246781465782, ['vertex2', 'vertex6', 'vertex3', 'vertex5', 'vertex4'])"
1351651161.866,steps_max,"(41.62246781465782, ['vertex2', 'vertex6', 'vertex3', 'vertex5', 'vertex4'])"
1351651161.866,steps_min,"(41.62246781465782, ['vertex2', 'vertex6', 'vertex3', 'vertex5', 'vertex4'])"
1351651161.866,steps_lrtdp,"(41.62246781465782, ['vertex2', 'vertex6', 'vertex3', 'vertex5', 'vertex4'])"
1351645935.044,steps_curr,"(27.22246781465782, ['vertex2', 'vertex6', 'vertex3', 'vertex5', 'vertex4'])"
1351645935.044,steps_avg,"(27.22246781465782, ['vertex2', 'vertex6', 'vertex3', 'vertex5', 'vertex4'])"
1351645935.044,steps_max,"(27.22246781465782, ['vertex2', 'vertex6', 'vertex3', 'vertex5', 'vertex4'])"
1351645935.044,steps_min,"(27.22246781465782, ['vertex2', 'vertex6', 'vertex3', 'vertex5', 'vertex4'])"
1351645935.044,steps_lrtdp,"(27.22246781465782, ['vertex2', 'vertex6', 'vertex3', 'vertex5', 'vertex4'])"
1351644427.796,steps_curr,"(42.82246781465781, ['vertex2', 'vertex6', 'vertex3', 'vertex5', 'vertex4'])"
1351644427.796,steps_avg,"(42.82246781465781, ['vertex2', 'vertex6', 'vertex3', 'vertex5', 'vertex4'])"
1351644427.796,steps_max,"(42.82246781465781, ['vertex2', 'vertex6', 'vertex3', 'vertex5', 'vertex4'])"
1351644427.796,steps_min,"(42.82246781465781, ['vertex2', 'vertex6', 'vertex3', 'vertex5', 'vertex4'])"
1351644427.796,steps_lrtdp,"(45.09620374453839, ['vertex2', 'vertex6', 'vertex3', 'vertex6', 'vertex5', 'vertex4'])"
1351651414.587,steps_curr,"(26.022467814657816, ['vertex2', 'vertex6', 'vertex3', 'vertex5', 'vertex4'])"
1351651414.587,steps_avg,"(26.022467814657816, ['vertex2', 'vertex6', 'vertex3', 'vertex5', 'vertex4'])"
1351651414.587,steps_max,"(26.022467814657816, ['vertex2', 'vertex6', 'vertex3', 'vertex5', 'vertex4'])"
1351651414.587,steps_min,"(26.022467814657816, ['vertex2', 'vertex6', 'vertex3', 'vertex5', 'vertex4'])"
1351651414.587,steps_lrtdp,"(26.022467814657816, ['vertex2', 'vertex6', 'vertex3', 'vertex5', 'vertex4'])"
1351647373.151,steps_curr,"(27.22246781465782, ['vertex2', 'vertex6', 'vertex3', 'vertex5', 'vertex4'])"
1351647373.151,steps_avg,"(27.22246781465782, ['vertex2', 'vertex6', 'vertex3', 'vertex5', 'vertex4'])"
1351647373.151,steps_max,"(27.22246781465782, ['vertex2', 'vertex6', 'vertex3', 'vertex5', 'vertex4'])"
1351647373.151,steps_min,"(27.22246781465782, ['vertex2', 'vertex6', 'vertex3', 'vertex5', 'vertex4'])"
1351647373.151,steps_lrtdp,"(27.22246781465782, ['vertex2', 'vertex6', 'vertex3', 'vertex5', 'vertex4'])"
1351649739.405,steps_curr,"(37.91204932991906, ['vertex2', 'vertex3', 'vertex6', 'vertex5', 'vertex4'])"
1351649739.405,steps_avg,"(28.42246781465782, ['vertex2', 'vertex6', 'vertex3', 'vertex5', 'vertex4'])"
1351649739.405,steps_max,"(28.42246781465782, ['vertex2', 'vertex6', 'vertex3', 'vertex5', 'vertex4'])"
1351649739.405,steps_min,"(28.42246781465782, ['vertex2', 'vertex6', 'vertex3', 'vertex5', 'vertex4'])"
1351649739.405,steps_lrtdp,"(28.42246781465782, ['vertex2', 'vertex6', 'vertex3', 'vertex5', 'vertex4'])"
1351651298.86,steps_curr,"(29.51204932991906, ['vertex2', 'vertex3', 'vertex6', 'vertex5', 'vertex4'])"
1351651298.86,steps_avg,"(26.022467814657816, ['vertex2', 'vertex6', 'vertex3', 'vertex5', 'vertex4'])"
1351651298.86,steps_max,"(26.022467814657816, ['vertex2', 'vertex6', 'vertex3', 'vertex5', 'vertex4'])"
1351651298.86,steps_min,"(26.022467814657816, ['vertex2', 'vertex6', 'vertex3', 'vertex5', 'vertex4'])"
1351651298.86,steps_lrtdp,"(26.022467814657816, ['vertex2', 'vertex6', 'vertex3', 'vertex5', 'vertex4'])"
1351646307.964,steps_curr,"(32.022467814657816, ['vertex2', 'vertex6', 'vertex3', 'vertex5', 'vertex4'])"
1351646307.964,steps_avg,"(32.022467814657816, ['vertex2', 'vertex6', 'vertex3', 'vertex5', 'vertex4'])"
1351646307.964,steps_max,"(32.022467814657816, ['vertex2', 'vertex6', 'vertex3', 'vertex5', 'vertex4'])"
1351646307.964,steps_min,"(32.022467814657816, ['vertex2', 'vertex6', 'vertex3', 'vertex5', 'vertex4'])"
1351646307.964,steps_lrtdp,"(32.022467814657816, ['vertex2', 'vertex6', 'vertex3', 'vertex5', 'vertex4'])"
1351651326.987,steps_curr,"(26.022467814657816, ['vertex2', 'vertex6', 'vertex3', 'vertex5', 'vertex4'])"
1351651326.987,steps_avg,"(26.022467814657816, ['vertex2', 'vertex6', 'vertex3', 'vertex5', 'vertex4'])"
1351651326.987,steps_max,"(26.022467814657816, ['vertex2', 'vertex6', 'vertex3', 'vertex5', 'vertex4'])"
1351651326.987,steps_min,"(26.022467814657816, ['vertex2', 'vertex6', 'vertex3', 'vertex5', 'vertex4'])"
1351651326.987,steps_lrtdp,"(26.022467814657816, ['vertex2', 'vertex6', 'vertex3', 'vertex5', 'vertex4'])"
1351649228.0,steps_curr,"(39.11204932991905, ['vertex2', 'vertex3', 'vertex6', 'vertex5', 'vertex4'])"
1351649228.0,steps_avg,"(36.82246781465781, ['vertex2', 'vertex6', 'vertex3', 'vertex5', 'vertex4'])"
1351649228.0,steps_max,"(36.82246781465781, ['vertex2', 'vertex6', 'vertex3', 'vertex5', 'vertex4'])"
1351649228.0,steps_min,"(36.82246781465781, ['vertex2', 'vertex6', 'vertex3', 'vertex5', 'vertex4'])"
1351649228.0,steps_lrtdp,"(36.82246781465781, ['vertex2', 'vertex6', 'vertex3', 'vertex5', 'vertex4'])"
1351648206.0,steps_curr,"(47.51204932991906, ['vertex2', 'vertex3', 'vertex6', 'vertex5', 'vertex4'])"
1351648206.0,steps_avg,"(39.22246781465782, ['vertex2', 'vertex6', 'vertex3', 'vertex5', 'vertex4'])"
1351648206.0,steps_max,"(39.22246781465782, ['vertex2', 'vertex6', 'vertex3', 'vertex5', 'vertex4'])"
1351648206.0,steps_min,"(39.22246781465782, ['vertex2', 'vertex6', 'vertex3', 'vertex5', 'vertex4'])"
1351648206.0,steps_lrtdp,"(39.22246781465782, ['vertex2', 'vertex6', 'vertex3', 'vertex5', 'vertex4'])"
1351651398.692,steps_curr,"(35.62246781465782, ['vertex2', 'vertex6', 'vertex3', 'vertex5', 'vertex4'])"
1351651398.692,steps_avg,"(35.62246781465782, ['vertex2', 'vertex6', 'vertex3', 'vertex5', 'vertex4'])"
1351651398.692,steps_max,"(35.62246781465782, ['vertex2', 'vertex6', 'vertex3', 'vertex5', 'vertex4'])"
1351651398.692,steps_min,"(35.62246781465782, ['vertex2', 'vertex6', 'vertex3', 'vertex5', 'vertex4'])"
1351651398.692,steps_lrtdp,"(35.62246781465782, ['vertex2', 'vertex6', 'vertex3', 'vertex5', 'vertex4'])"
1351651283.0,steps_curr,"(35.51204932991906, ['vertex2', 'vertex3', 'vertex6', 'vertex5', 'vertex4'])"
1351651283.0,steps_avg,"(33.22246781465781, ['vertex2', 'vertex6', 'vertex3', 'vertex5', 'vertex4'])"
1351651283.0,steps_max,"(33.22246781465781, ['vertex2', 'vertex6', 'vertex3', 'vertex5', 'vertex4'])"
1351651283.0,steps_min,"(33.22246781465781, ['vertex2', 'vertex6', 'vertex3', 'vertex5', 'vertex4'])"
1351651283.0,steps_lrtdp,"(34.29620374453839, ['vertex2', 'vertex6', 'vertex3', 'vertex6', 'vertex5', 'vertex4'])"
1351643301.52,steps_curr,"(45.22246781465782, ['vertex2', 'vertex6', 'vertex3', 'vertex5', 'vertex4'])"
1351643301.52,steps_avg,"(45.22246781465782, ['vertex2', 'vertex6', 'vertex3', 'vertex5', 'vertex4'])"
1351643301.52,steps_max,"(45.22246781465782, ['vertex2', 'vertex6', 'vertex3', 'vertex5', 'vertex4'])"
1351643301.52,steps_min,"(45.22246781465782, ['vertex2', 'vertex6', 'vertex3', 'vertex5', 'vertex4'])"
1351643301.52,steps_lrtdp,"(46.312049329919056, ['vertex2', 'vertex3', 'vertex6', 'vertex5', 'vertex4'])"
1351644295.297,steps_curr,"(26.022467814657816, ['vertex2', 'vertex6', 'vertex3', 'vertex5', 'vertex4'])"
1351644295.297,steps_avg,"(26.022467814657816, ['vertex2', 'vertex6', 'vertex3', 'vertex5', 'vertex4'])"
1351644295.297,steps_max,"(26.022467814657816, ['vertex2', 'vertex6', 'vertex3', 'vertex5', 'vertex4'])"
1351644295.297,steps_min,"(26.022467814657816, ['vertex2', 'vertex6', 'vertex3', 'vertex5', 'vertex4'])"
1351644295.297,steps_lrtdp,"(26.022467814657816, ['vertex2', 'vertex6', 'vertex3', 'vertex5', 'vertex4'])"
1351642117.369,steps_curr,"(26.022467814657816, ['vertex2', 'vertex6', 'vertex3', 'vertex5', 'vertex4'])"
1351642117.369,steps_avg,"(26.022467814657816, ['vertex2', 'vertex6', 'vertex3', 'vertex5', 'vertex4'])"
1351642117.369,steps_max,"(26.022467814657816, ['vertex2', 'vertex6', 'vertex3', 'vertex5', 'vertex4'])"
1351642117.369,steps_min,"(26.022467814657816, ['vertex2', 'vertex6', 'vertex3', 'vertex5', 'vertex4'])"
1351642117.369,steps_lrtdp,"(26.022467814657816, ['vertex2', 'vertex6', 'vertex3', 'vertex5', 'vertex4'])"
1351648427.041,steps_curr,"(38.022467814657816, ['vertex2', 'vertex6', 'vertex3', 'vertex5', 'vertex4'])"
1351648427.041,steps_avg,"(38.022467814657816, ['vertex2', 'vertex6', 'vertex3', 'vertex5', 'vertex4'])"
1351648427.041,steps_max,"(38.022467814657816, ['vertex2', 'vertex6', 'vertex3', 'vertex5', 'vertex4'])"
1351648427.041,steps_min,"(38.022467814657816, ['vertex2', 'vertex6', 'vertex3', 'vertex5', 'vertex4'])"
1351648427.041,steps_lrtdp,"(36.696203744538394, ['vertex2', 'vertex6', 'vertex3', 'vertex6', 'vertex5', 'vertex4'])"
1351642010.377,steps_curr,"(28.422467814657814, ['vertex2', 'vertex6', 'vertex3', 'vertex5', 'vertex4'])"
1351642010.377,steps_avg,"(28.422467814657814, ['vertex2', 'vertex6', 'vertex3', 'vertex5', 'vertex4'])"
1351642010.377,steps_max,"(28.422467814657814, ['vertex2', 'vertex6', 'vertex3', 'vertex5', 'vertex4'])"
1351642010.377,steps_min,"(28.422467814657814, ['vertex2', 'vertex6', 'vertex3', 'vertex5', 'vertex4'])"
1351642010.377,steps_lrtdp,"(28.422467814657814, ['vertex2', 'vertex6', 'vertex3', 'vertex5', 'vertex4'])"
1351643490.409,steps_curr,"(41.51204932991906, ['vertex2', 'vertex3', 'vertex6', 'vertex5', 'vertex4'])"
1351643490.409,steps_avg,"(38.022467814657816, ['vertex2', 'vertex6', 'vertex3', 'vertex5', 'vertex4'])"
1351643490.409,steps_max,"(38.022467814657816, ['vertex2', 'vertex6', 'vertex3', 'vertex5', 'vertex4'])"
1351643490.409,steps_min,"(38.022467814657816, ['vertex2', 'vertex6', 'vertex3', 'vertex5', 'vertex4'])"
1351643490.409,steps_lrtdp,"(37.63242454067449, ['vertex2', 'vertex3', 'vertex6', 'vertex3', 'vertex6', 'vertex5', 'vertex4'])"
1351643871.691,steps_curr,"(26.022467814657816, ['vertex2', 'vertex6', 'vertex3', 'vertex5', 'vertex4'])"
1351643871.691,steps_avg,"(26.022467814657816, ['vertex2', 'vertex6', 'vertex3', 'vertex5', 'vertex4'])"
1351643871.691,steps_max,"(26.022467814657816, ['vertex2', 'vertex6', 'vertex3', 'vertex5', 'vertex4'])"
1351643871.691,steps_min,"(26.022467814657816, ['vertex2', 'vertex6', 'vertex3', 'vertex5', 'vertex4'])"
1351643871.691,steps_lrtdp,"(26.022467814657816, ['vertex2', 'vertex6', 'vertex3', 'vertex5', 'vertex4'])"
1351644678.054,steps_curr,"(49.91204932991906, ['vertex2', 'vertex3', 'vertex6', 'vertex5', 'vertex4'])"
1351644678.054,steps_avg,"(33.22246781465782, ['vertex2', 'vertex6', 'vertex3', 'vertex5', 'vertex4'])"
1351644678.054,steps_max,"(33.22246781465782, ['vertex2', 'vertex6', 'vertex3', 'vertex5', 'vertex4'])"
1351644678.054,steps_min,"(33.22246781465782, ['vertex2', 'vertex6', 'vertex3', 'vertex5', 'vertex4'])"
1351644678.054,steps_lrtdp,"(33.22246781465782, ['vertex2', 'vertex6', 'vertex3', 'vertex5', 'vertex4'])"
1351644781.212,steps_curr,"(26.022467814657816, ['vertex2', 'vertex6', 'vertex3', 'vertex5', 'vertex4'])"
1351644781.212,steps_avg,"(26.022467814657816, ['vertex2', 'vertex6', 'vertex3', 'vertex5', 'vertex4'])"
1351644781.212,steps_max,"(26.022467814657816, ['vertex2', 'vertex6', 'vertex3', 'vertex5', 'vertex4'])"
1351644781.212,steps_min,"(26.022467814657816, ['vertex2', 'vertex6', 'vertex3', 'vertex5', 'vertex4'])"
1351644781.212,steps_lrtdp,"(26.022467814657816, ['vertex2', 'vertex6', 'vertex3', 'vertex5', 'vertex4'])"
1351646720.463,steps_curr,"(28.42246781465782, ['vertex2', 'vertex6', 'vertex3', 'vertex5', 'vertex4'])"
1351646720.463,steps_avg,"(28.42246781465782, ['vertex2', 'vertex6', 'vertex3', 'vertex5', 'vertex4'])"
1351646720.463,steps_max,"(28.42246781465782, ['vertex2', 'vertex6', 'vertex3', 'vertex5', 'vertex4'])"
1351646720.463,steps_min,"(28.42246781465782, ['vertex2', 'vertex6', 'vertex3', 'vertex5', 'vertex4'])"
1351646720.463,steps_lrtdp,"(28.42246781465782, ['vertex2', 'vertex6', 'vertex3', 'vertex5', 'vertex4'])"
1351651080.437,steps_curr,"(27.22246781465782, ['vertex2', 'vertex6', 'vertex3', 'vertex5', 'vertex4'])"
1351651080.437,steps_avg,"(27.22246781465782, ['vertex2', 'vertex6', 'vertex3', 'vertex5', 'vertex4'])"
1351651080.437,steps_max,"(27.22246781465782, ['vertex2', 'vertex6', 'vertex3', 'vertex5', 'vertex4'])"
1351651080.437,steps_min,"(27.22246781465782, ['vertex2', 'vertex6', 'vertex3', 'vertex5', 'vertex4'])"
1351651080.437,steps_lrtdp,"(27.22246781465782, ['vertex2', 'vertex6', 'vertex3', 'vertex5', 'vertex4'])"
1351647080.162,steps_curr,"(29.51204932991906, ['vertex2', 'vertex3', 'vertex6', 'vertex5', 'vertex4'])"
1351647080.162,steps_avg,"(26.022467814657816, ['vertex2', 'vertex6', 'vertex3', 'vertex5', 'vertex4'])"
1351647080.162,steps_max,"(26.022467814657816, ['vertex2', 'vertex6', 'vertex3', 'vertex5', 'vertex4'])"
1351647080.162,steps_min,"(26.022467814657816, ['vertex2', 'vertex6', 'vertex3', 'vertex5', 'vertex4'])"
1351647080.162,steps_lrtdp,"(26.022467814657816, ['vertex2', 'vertex6', 'vertex3', 'vertex5', 'vertex4'])"
