1351644826.15,steps_curr,"(26.022467814657816, ['vertex2', 'vertex6', 'vertex3', 'vertex5', 'vertex4'])"
1351644826.15,steps_avg,"(26.022467814657816, ['vertex2', 'vertex6', 'vertex3', 'vertex5', 'vertex4'])"
1351644826.15,steps_max,"(26.022467814657816, ['vertex2', 'vertex6', 'vertex3', 'vertex5', 'vertex4'])"
1351644826.15,steps_min,"(26.022467814657816, ['vertex2', 'vertex6', 'vertex3', 'vertex5', 'vertex4'])"
1351644826.15,steps_lrtdp,"(26.022467814657816, ['vertex2', 'vertex6', 'vertex3', 'vertex5', 'vertex4'])"
1351643495.253,steps_curr,"(33.22246781465782, ['vertex2', 'vertex6', 'vertex3', 'vertex5', 'vertex4'])"
1351643495.253,steps_avg,"(33.22246781465782, ['vertex2', 'vertex6', 'vertex3', 'vertex5', 'vertex4'])"
1351643495.253,steps_max,"(33.22246781465782, ['vertex2', 'vertex6', 'vertex3', 'vertex5', 'vertex4'])"
1351643495.253,steps_min,"(33.22246781465782, ['vertex2', 'vertex6', 'vertex3', 'vertex5', 'vertex4'])"
1351643495.253,steps_lrtdp,"(33.09620374453839, ['vertex2', 'vertex6', 'vertex3', 'vertex6', 'vertex5', 'vertex4'])"
1351643738.589,steps_curr,"(26.022467814657816, ['vertex2', 'vertex6', 'vertex3', 'vertex5', 'vertex4'])"
1351643738.589,steps_avg,"(26.022467814657816, ['vertex2', 'vertex6', 'vertex3', 'vertex5', 'vertex4'])"
1351643738.589,steps_max,"(26.022467814657816, ['vertex2', 'vertex6', 'vertex3', 'vertex5', 'vertex4'])"
1351643738.589,steps_min,"(26.022467814657816, ['vertex2', 'vertex6', 'vertex3', 'vertex5', 'vertex4'])"
1351643738.589,steps_lrtdp,"(26.022467814657816, ['vertex2', 'vertex6', 'vertex3', 'vertex5', 'vertex4'])"
1351650144.991,steps_curr,"(29.622467814657817, ['vertex2', 'vertex6', 'vertex3', 'vertex5', 'vertex4'])"
1351650144.991,steps_avg,"(29.622467814657817, ['vertex2', 'vertex6', 'vertex3', 'vertex5', 'vertex4'])"
1351650144.991,steps_max,"(29.622467814657817, ['vertex2', 'vertex6', 'vertex3', 'vertex5', 'vertex4'])"
1351650144.991,steps_min,"(29.622467814657817, ['vertex2', 'vertex6', 'vertex3', 'vertex5', 'vertex4'])"
1351650144.991,steps_lrtdp,"(29.622467814657817, ['vertex2', 'vertex6', 'vertex3', 'vertex5', 'vertex4'])"
1351649276.753,steps_curr,"(26.022467814657816, ['vertex2', 'vertex6', 'vertex3', 'vertex5', 'vertex4'])"
1351649276.753,steps_avg,"(26.022467814657816, ['vertex2', 'vertex6', 'vertex3', 'vertex5', 'vertex4'])"
1351649276.753,steps_max,"(26.022467814657816, ['vertex2', 'vertex6', 'vertex3', 'vertex5', 'vertex4'])"
1351649276.753,steps_min,"(26.022467814657816, ['vertex2', 'vertex6', 'vertex3', 'vertex5', 'vertex4'])"
1351649276.753,steps_lrtdp,"(26.022467814657816, ['vertex2', 'vertex6', 'vertex3', 'vertex5', 'vertex4'])"
1351650501.395,steps_curr,"(26.022467814657816, ['vertex2', 'vertex6', 'vertex3', 'vertex5', 'vertex4'])"
1351650501.395,steps_avg,"(26.022467814657816, ['vertex2', 'vertex6', 'vertex3', 'vertex5', 'vertex4'])"
1351650501.395,steps_max,"(26.022467814657816, ['vertex2', 'vertex6', 'vertex3', 'vertex5', 'vertex4'])"
1351650501.395,steps_min,"(26.022467814657816, ['vertex2', 'vertex6', 'vertex3', 'vertex5', 'vertex4'])"
1351650501.395,steps_lrtdp,"(26.022467814657816, ['vertex2', 'vertex6', 'vertex3', 'vertex5', 'vertex4'])"
1351649083.92,steps_curr,"(33.22246781465781, ['vertex2', 'vertex6', 'vertex3', 'vertex5', 'vertex4'])"
1351649083.92,steps_avg,"(33.22246781465781, ['vertex2', 'vertex6', 'vertex3', 'vertex5', 'vertex4'])"
1351649083.92,steps_max,"(33.22246781465781, ['vertex2', 'vertex6', 'vertex3', 'vertex5', 'vertex4'])"
1351649083.92,steps_min,"(33.22246781465781, ['vertex2', 'vertex6', 'vertex3', 'vertex5', 'vertex4'])"
1351649083.92,steps_lrtdp,"(33.11204932991905, ['vertex2', 'vertex3', 'vertex6', 'vertex5', 'vertex4'])"
1351643568.768,steps_curr,"(28.422467814657814, ['vertex2', 'vertex6', 'vertex3', 'vertex5', 'vertex4'])"
1351643568.768,steps_avg,"(28.422467814657814, ['vertex2', 'vertex6', 'vertex3', 'vertex5', 'vertex4'])"
1351643568.768,steps_max,"(28.422467814657814, ['vertex2', 'vertex6', 'vertex3', 'vertex5', 'vertex4'])"
1351643568.768,steps_min,"(28.422467814657814, ['vertex2', 'vertex6', 'vertex3', 'vertex5', 'vertex4'])"
1351643568.768,steps_lrtdp,"(28.422467814657814, ['vertex2', 'vertex6', 'vertex3', 'vertex5', 'vertex4'])"
1351647257.633,steps_curr,"(26.022467814657816, ['vertex2', 'vertex6', 'vertex3', 'vertex5', 'vertex4'])"
1351647257.633,steps_avg,"(26.022467814657816, ['vertex2', 'vertex6', 'vertex3', 'vertex5', 'vertex4'])"
1351647257.633,steps_max,"(26.022467814657816, ['vertex2', 'vertex6', 'vertex3', 'vertex5', 'vertex4'])"
1351647257.633,steps_min,"(26.022467814657816, ['vertex2', 'vertex6', 'vertex3', 'vertex5', 'vertex4'])"
1351647257.633,steps_lrtdp,"(26.022467814657816, ['vertex2', 'vertex6', 'vertex3', 'vertex5', 'vertex4'])"
1351647326.253,steps_curr,"(27.22246781465782, ['vertex2', 'vertex6', 'vertex3', 'vertex5', 'vertex4'])"
1351647326.253,steps_avg,"(27.22246781465782, ['vertex2', 'vertex6', 'vertex3', 'vertex5', 'vertex4'])"
1351647326.253,steps_max,"(27.22246781465782, ['vertex2', 'vertex6', 'vertex3', 'vertex5', 'vertex4'])"
1351647326.253,steps_min,"(27.22246781465782, ['vertex2', 'vertex6', 'vertex3', 'vertex5', 'vertex4'])"
1351647326.253,steps_lrtdp,"(27.22246781465782, ['vertex2', 'vertex6', 'vertex3', 'vertex5', 'vertex4'])"
1351648814.458,steps_curr,"(28.422467814657814, ['vertex2', 'vertex6', 'vertex3', 'vertex5', 'vertex4'])"
1351648814.458,steps_avg,"(28.422467814657814, ['vertex2', 'vertex6', 'vertex3', 'vertex5', 'vertex4'])"
1351648814.458,steps_max,"(28.422467814657814, ['vertex2', 'vertex6', 'vertex3', 'vertex5', 'vertex4'])"
1351648814.458,steps_min,"(28.422467814657814, ['vertex2', 'vertex6', 'vertex3', 'vertex5', 'vertex4'])"
1351648814.458,steps_lrtdp,"(28.422467814657814, ['vertex2', 'vertex6', 'vertex3', 'vertex5', 'vertex4'])"
1351650016.357,steps_curr,"(39.11204932991906, ['vertex2', 'vertex3', 'vertex6', 'vertex5', 'vertex4'])"
1351650016.357,steps_avg,"(36.82246781465781, ['vertex2', 'vertex6', 'vertex3', 'vertex5', 'vertex4'])"
1351650016.357,steps_max,"(36.82246781465781, ['vertex2', 'vertex6', 'vertex3', 'vertex5', 'vertex4'])"
1351650016.357,steps_min,"(36.82246781465781, ['vertex2', 'vertex6', 'vertex3', 'vertex5', 'vertex4'])"
1351650016.357,steps_lrtdp,"(36.82246781465781, ['vertex2', 'vertex6', 'vertex3', 'vertex5', 'vertex4'])"
1351650247.245,steps_curr,"(26.022467814657816, ['vertex2', 'vertex6', 'vertex3', 'vertex5', 'vertex4'])"
1351650247.245,steps_avg,"(26.022467814657816, ['vertex2', 'vertex6', 'vertex3', 'vertex5', 'vertex4'])"
1351650247.245,steps_max,"(26.022467814657816, ['vertex2', 'vertex6', 'vertex3', 'vertex5', 'vertex4'])"
1351650247.245,steps_min,"(26.022467814657816, ['vertex2', 'vertex6', 'vertex3', 'vertex5', 'vertex4'])"
1351650247.245,steps_lrtdp,"(26.022467814657816, ['vertex2', 'vertex6', 'vertex3', 'vertex5', 'vertex4'])"
1351646703.159,steps_curr,"(41.1091008939861, ['vertex6', 'vertex2', 'vertex3', 'vertex5', 'vertex4'])"
1351646703.159,steps_avg,"(42.82246781465781, ['vertex2', 'vertex6', 'vertex3', 'vertex5', 'vertex4'])"
1351646703.159,steps_max,"(42.82246781465781, ['vertex2', 'vertex6', 'vertex3', 'vertex5', 'vertex4'])"
1351646703.159,steps_min,"(42.82246781465781, ['vertex2', 'vertex6', 'vertex3', 'vertex5', 'vertex4'])"
1351646703.159,steps_lrtdp,"(35.51204932991906, ['vertex2', 'vertex3', 'vertex6', 'vertex5', 'vertex4'])"
1351651399.747,steps_curr,"(29.622467814657817, ['vertex2', 'vertex6', 'vertex3', 'vertex5', 'vertex4'])"
1351651399.747,steps_avg,"(29.622467814657817, ['vertex2', 'vertex6', 'vertex3', 'vertex5', 'vertex4'])"
1351651399.747,steps_max,"(29.622467814657817, ['vertex2', 'vertex6', 'vertex3', 'vertex5', 'vertex4'])"
1351651399.747,steps_min,"(29.622467814657817, ['vertex2', 'vertex6', 'vertex3', 'vertex5', 'vertex4'])"
1351651399.747,steps_lrtdp,"(29.622467814657817, ['vertex2', 'vertex6', 'vertex3', 'vertex5', 'vertex4'])"
1351643664.117,steps_curr,"(36.712049329919054, ['vertex2', 'vertex3', 'vertex6', 'vertex5', 'vertex4'])"
1351643664.117,steps_avg,"(33.22246781465782, ['vertex2', 'vertex6', 'vertex3', 'vertex5', 'vertex4'])"
1351643664.117,steps_max,"(33.22246781465782, ['vertex2', 'vertex6', 'vertex3', 'vertex5', 'vertex4'])"
1351643664.117,steps_min,"(33.22246781465782, ['vertex2', 'vertex6', 'vertex3', 'vertex5', 'vertex4'])"
1351643664.117,steps_lrtdp,"(36.712049329919054, ['vertex2', 'vertex3', 'vertex6', 'vertex5', 'vertex4'])"
1351644186.617,steps_curr,"(32.022467814657816, ['vertex2', 'vertex6', 'vertex3', 'vertex5', 'vertex4'])"
1351644186.617,steps_avg,"(32.022467814657816, ['vertex2', 'vertex6', 'vertex3', 'vertex5', 'vertex4'])"
1351644186.617,steps_max,"(32.022467814657816, ['vertex2', 'vertex6', 'vertex3', 'vertex5', 'vertex4'])"
1351644186.617,steps_min,"(32.022467814657816, ['vertex2', 'vertex6', 'vertex3', 'vertex5', 'vertex4'])"
1351644186.617,steps_lrtdp,"(32.022467814657816, ['vertex2', 'vertex6', 'vertex3', 'vertex5', 'vertex4'])"
1351642946.206,steps_curr,"(38.022467814657816, ['vertex2', 'vertex6', 'vertex3', 'vertex5', 'vertex4'])"
1351642946.206,steps_avg,"(38.022467814657816, ['vertex2', 'vertex6', 'vertex3', 'vertex5', 'vertex4'])"
1351642946.206,steps_max,"(38.022467814657816, ['vertex2', 'vertex6', 'vertex3', 'vertex5', 'vertex4'])"
1351642946.206,steps_min,"(38.022467814657816, ['vertex2', 'vertex6', 'vertex3', 'vertex5', 'vertex4'])"
1351642946.206,steps_lrtdp,"(38.022467814657816, ['vertex2', 'vertex6', 'vertex3', 'vertex5', 'vertex4'])"
1351643210.353,steps_curr,"(27.22246781465782, ['vertex2', 'vertex6', 'vertex3', 'vertex5', 'vertex4'])"
1351643210.353,steps_avg,"(27.22246781465782, ['vertex2', 'vertex6', 'vertex3', 'vertex5', 'vertex4'])"
1351643210.353,steps_max,"(27.22246781465782, ['vertex2', 'vertex6', 'vertex3', 'vertex5', 'vertex4'])"
1351643210.353,steps_min,"(27.22246781465782, ['vertex2', 'vertex6', 'vertex3', 'vertex5', 'vertex4'])"
1351643210.353,steps_lrtdp,"(27.22246781465782, ['vertex2', 'vertex6', 'vertex3', 'vertex5', 'vertex4'])"
1351644080.68,steps_curr,"(29.51204932991906, ['vertex2', 'vertex3', 'vertex6', 'vertex5', 'vertex4'])"
1351644080.68,steps_avg,"(32.022467814657816, ['vertex2', 'vertex6', 'vertex3', 'vertex5', 'vertex4'])"
1351644080.68,steps_max,"(32.022467814657816, ['vertex2', 'vertex6', 'vertex3', 'vertex5', 'vertex4'])"
1351644080.68,steps_min,"(32.022467814657816, ['vertex2', 'vertex6', 'vertex3', 'vertex5', 'vertex4'])"
1351644080.68,steps_lrtdp,"(29.51204932991906, ['vertex2', 'vertex3', 'vertex6', 'vertex5', 'vertex4'])"
1351649955.723,steps_curr,"(35.62246781465782, ['vertex2', 'vertex6', 'vertex3', 'vertex5', 'vertex4'])"
1351649955.723,steps_avg,"(35.62246781465782, ['vertex2', 'vertex6', 'vertex3', 'vertex5', 'vertex4'])"
1351649955.723,steps_max,"(35.62246781465782, ['vertex2', 'vertex6', 'vertex3', 'vertex5', 'vertex4'])"
1351649955.723,steps_min,"(35.62246781465782, ['vertex2', 'vertex6', 'vertex3', 'vertex5', 'vertex4'])"
1351649955.723,steps_lrtdp,"(35.62246781465782, ['vertex2', 'vertex6', 'vertex3', 'vertex5', 'vertex4'])"
1351646825.998,steps_curr,"(27.22246781465782, ['vertex2', 'vertex6', 'vertex3', 'vertex5', 'vertex4'])"
1351646825.998,steps_avg,"(27.22246781465782, ['vertex2', 'vertex6', 'vertex3', 'vertex5', 'vertex4'])"
1351646825.998,steps_max,"(27.22246781465782, ['vertex2', 'vertex6', 'vertex3', 'vertex5', 'vertex4'])"
1351646825.998,steps_min,"(27.22246781465782, ['vertex2', 'vertex6', 'vertex3', 'vertex5', 'vertex4'])"
1351646825.998,steps_lrtdp,"(27.22246781465782, ['vertex2', 'vertex6', 'vertex3', 'vertex5', 'vertex4'])"
1351645058.84,steps_curr,"(32.022467814657816, ['vertex2', 'vertex6', 'vertex3', 'vertex5', 'vertex4'])"
1351645058.84,steps_avg,"(32.022467814657816, ['vertex2', 'vertex6', 'vertex3', 'vertex5', 'vertex4'])"
1351645058.84,steps_max,"(32.022467814657816, ['vertex2', 'vertex6', 'vertex3', 'vertex5', 'vertex4'])"
1351645058.84,steps_min,"(32.022467814657816, ['vertex2', 'vertex6', 'vertex3', 'vertex5', 'vertex4'])"
1351645058.84,steps_lrtdp,"(32.022467814657816, ['vertex2', 'vertex6', 'vertex3', 'vertex5', 'vertex4'])"
1351651251.985,steps_curr,"(39.22246781465782, ['vertex2', 'vertex6', 'vertex3', 'vertex5', 'vertex4'])"
1351651251.985,steps_avg,"(39.22246781465782, ['vertex2', 'vertex6', 'vertex3', 'vertex5', 'vertex4'])"
1351651251.985,steps_max,"(39.22246781465782, ['vertex2', 'vertex6', 'vertex3', 'vertex5', 'vertex4'])"
1351651251.985,steps_min,"(39.22246781465782, ['vertex2', 'vertex6', 'vertex3', 'vertex5', 'vertex4'])"
1351651251.985,steps_lrtdp,"(39.22246781465782, ['vertex2', 'vertex6', 'vertex3', 'vertex5', 'vertex4'])"
1351646635.231,steps_curr,"(39.22246781465782, ['vertex2', 'vertex6', 'vertex3', 'vertex5', 'vertex4'])"
1351646635.231,steps_avg,"(39.22246781465782, ['vertex2', 'vertex6', 'vertex3', 'vertex5', 'vertex4'])"
1351646635.231,steps_max,"(39.22246781465782, ['vertex2', 'vertex6', 'vertex3', 'vertex5', 'vertex4'])"
1351646635.231,steps_min,"(39.22246781465782, ['vertex2', 'vertex6', 'vertex3', 'vertex5', 'vertex4'])"
1351646635.231,steps_lrtdp,"(39.22246781465782, ['vertex2', 'vertex6', 'vertex3', 'vertex5', 'vertex4'])"
1351644687.166,steps_curr,"(32.022467814657816, ['vertex2', 'vertex6', 'vertex3', 'vertex5', 'vertex4'])"
1351644687.166,steps_avg,"(32.022467814657816, ['vertex2', 'vertex6', 'vertex3', 'vertex5', 'vertex4'])"
1351644687.166,steps_max,"(32.022467814657816, ['vertex2', 'vertex6', 'vertex3', 'vertex5', 'vertex4'])"
1351644687.166,steps_min,"(32.022467814657816, ['vertex2', 'vertex6', 'vertex3', 'vertex5', 'vertex4'])"
1351644687.166,steps_lrtdp,"(32.022467814657816, ['vertex2', 'vertex6', 'vertex3', 'vertex5', 'vertex4'])"
1351651158.674,steps_curr,"(43.91204932991906, ['vertex2', 'vertex3', 'vertex6', 'vertex5', 'vertex4'])"
1351651158.674,steps_avg,"(40.422467814657814, ['vertex2', 'vertex6', 'vertex3', 'vertex5', 'vertex4'])"
1351651158.674,steps_max,"(40.422467814657814, ['vertex2', 'vertex6', 'vertex3', 'vertex5', 'vertex4'])"
1351651158.674,steps_min,"(40.422467814657814, ['vertex2', 'vertex6', 'vertex3', 'vertex5', 'vertex4'])"
1351651158.674,steps_lrtdp,"(42.696203744538394, ['vertex2', 'vertex6', 'vertex3', 'vertex6', 'vertex5', 'vertex4'])"
1351645165.999,steps_curr,"(28.422467814657814, ['vertex2', 'vertex6', 'vertex3', 'vertex5', 'vertex4'])"
1351645165.999,steps_avg,"(28.422467814657814, ['vertex2', 'vertex6', 'vertex3', 'vertex5', 'vertex4'])"
1351645165.999,steps_max,"(28.422467814657814, ['vertex2', 'vertex6', 'vertex3', 'vertex5', 'vertex4'])"
1351645165.999,steps_min,"(28.422467814657814, ['vertex2', 'vertex6', 'vertex3', 'vertex5', 'vertex4'])"
1351645165.999,steps_lrtdp,"(28.422467814657814, ['vertex2', 'vertex6', 'vertex3', 'vertex5', 'vertex4'])"
1351646253.618,steps_curr,"(40.422467814657814, ['vertex2', 'vertex6', 'vertex3', 'vertex5', 'vertex4'])"
1351646253.618,steps_avg,"(40.422467814657814, ['vertex2', 'vertex6', 'vertex3', 'vertex5', 'vertex4'])"
1351646253.618,steps_max,"(40.422467814657814, ['vertex2', 'vertex6', 'vertex3', 'vertex5', 'vertex4'])"
1351646253.618,steps_min,"(40.422467814657814, ['vertex2', 'vertex6', 'vertex3', 'vertex5', 'vertex4'])"
1351646253.618,steps_lrtdp,"(43.63242454067449, ['vertex2', 'vertex3', 'vertex6', 'vertex3', 'vertex6', 'vertex5', 'vertex4'])"
1351645885.636,steps_curr,"(26.022467814657816, ['vertex2', 'vertex6', 'vertex3', 'vertex5', 'vertex4'])"
1351645885.636,steps_avg,"(26.022467814657816, ['vertex2', 'vertex6', 'vertex3', 'vertex5', 'vertex4'])"
1351645885.636,steps_max,"(26.022467814657816, ['vertex2', 'vertex6', 'vertex3', 'vertex5', 'vertex4'])"
1351645885.636,steps_min,"(26.022467814657816, ['vertex2', 'vertex6', 'vertex3', 'vertex5', 'vertex4'])"
1351645885.636,steps_lrtdp,"(26.022467814657816, ['vertex2', 'vertex6', 'vertex3', 'vertex5', 'vertex4'])"
1351642239.57,steps_curr,"(27.22246781465782, ['vertex2', 'vertex6', 'vertex3', 'vertex5', 'vertex4'])"
1351642239.57,steps_avg,"(27.22246781465782, ['vertex2', 'vertex6', 'vertex3', 'vertex5', 'vertex4'])"
1351642239.57,steps_max,"(27.22246781465782, ['vertex2', 'vertex6', 'vertex3', 'vertex5', 'vertex4'])"
1351642239.57,steps_min,"(27.22246781465782, ['vertex2', 'vertex6', 'vertex3', 'vertex5', 'vertex4'])"
1351642239.57,steps_lrtdp,"(27.22246781465782, ['vertex2', 'vertex6', 'vertex3', 'vertex5', 'vertex4'])"
1351649509.144,steps_curr,"(28.422467814657814, ['vertex2', 'vertex6', 'vertex3', 'vertex5', 'vertex4'])"
1351649509.144,steps_avg,"(28.422467814657814, ['vertex2', 'vertex6', 'vertex3', 'vertex5', 'vertex4'])"
1351649509.144,steps_max,"(28.422467814657814, ['vertex2', 'vertex6', 'vertex3', 'vertex5', 'vertex4'])"
1351649509.144,steps_min,"(28.422467814657814, ['vertex2', 'vertex6', 'vertex3', 'vertex5', 'vertex4'])"
1351649509.144,steps_lrtdp,"(28.422467814657814, ['vertex2', 'vertex6', 'vertex3', 'vertex5', 'vertex4'])"
1351643001.929,steps_curr,"(36.82246781465781, ['vertex2', 'vertex6', 'vertex3', 'vertex5', 'vertex4'])"
1351643001.929,steps_avg,"(36.82246781465781, ['vertex2', 'vertex6', 'vertex3', 'vertex5', 'vertex4'])"
1351643001.929,steps_max,"(36.82246781465781, ['vertex2', 'vertex6', 'vertex3', 'vertex5', 'vertex4'])"
1351643001.929,steps_min,"(36.82246781465781, ['vertex2', 'vertex6', 'vertex3', 'vertex5', 'vertex4'])"
1351643001.929,steps_lrtdp,"(36.82246781465781, ['vertex2', 'vertex6', 'vertex3', 'vertex5', 'vertex4'])"
1351648729.425,steps_curr,"(29.622467814657817, ['vertex2', 'vertex6', 'vertex3', 'vertex5', 'vertex4'])"
1351648729.425,steps_avg,"(29.622467814657817, ['vertex2', 'vertex6', 'vertex3', 'vertex5', 'vertex4'])"
1351648729.425,steps_max,"(29.622467814657817, ['vertex2', 'vertex6', 'vertex3', 'vertex5', 'vertex4'])"
1351648729.425,steps_min,"(29.622467814657817, ['vertex2', 'vertex6', 'vertex3', 'vertex5', 'vertex4'])"
1351648729.425,steps_lrtdp,"(29.51204932991906, ['vertex2', 'vertex3', 'vertex6', 'vertex5', 'vertex4'])"
1351650378.901,steps_curr,"(39.22246781465782, ['vertex2', 'vertex6', 'vertex3', 'vertex5', 'vertex4'])"
1351650378.901,steps_avg,"(39.22246781465782, ['vertex2', 'vertex6', 'vertex3', 'vertex5', 'vertex4'])"
1351650378.901,steps_max,"(39.22246781465782, ['vertex2', 'vertex6', 'vertex3', 'vertex5', 'vertex4'])"
1351650378.901,steps_min,"(39.22246781465782, ['vertex2', 'vertex6', 'vertex3', 'vertex5', 'vertex4'])"
1351650378.901,steps_lrtdp,"(48.6395057605731, ['vertex2', 'vertex6', 'vertex3', 'vertex5', 'vertex3', 'vertex6', 'vertex5', 'vertex4'])"
1351645636.003,steps_curr,"(32.022467814657816, ['vertex2', 'vertex6', 'vertex3', 'vertex5', 'vertex4'])"
1351645636.003,steps_avg,"(32.022467814657816, ['vertex2', 'vertex6', 'vertex3', 'vertex5', 'vertex4'])"
1351645636.003,steps_max,"(32.022467814657816, ['vertex2', 'vertex6', 'vertex3', 'vertex5', 'vertex4'])"
1351645636.003,steps_min,"(32.022467814657816, ['vertex2', 'vertex6', 'vertex3', 'vertex5', 'vertex4'])"
1351645636.003,steps_lrtdp,"(32.022467814657816, ['vertex2', 'vertex6', 'vertex3', 'vertex5', 'vertex4'])"
1351642153.731,steps_curr,"(26.022467814657816, ['vertex2', 'vertex6', 'vertex3', 'vertex5', 'vertex4'])"
1351642153.731,steps_avg,"(26.022467814657816, ['vertex2', 'vertex6', 'vertex3', 'vertex5', 'vertex4'])"
1351642153.731,steps_max,"(26.022467814657816, ['vertex2', 'vertex6', 'vertex3', 'vertex5', 'vertex4'])"
1351642153.731,steps_min,"(26.022467814657816, ['vertex2', 'vertex6', 'vertex3', 'vertex5', 'vertex4'])"
1351642153.731,steps_lrtdp,"(26.022467814657816, ['vertex2', 'vertex6', 'vertex3', 'vertex5', 'vertex4'])"
1351649169.963,steps_curr,"(37.91204932991906, ['vertex2', 'vertex3', 'vertex6', 'vertex5', 'vertex4'])"
1351649169.963,steps_avg,"(36.82246781465781, ['vertex2', 'vertex6', 'vertex3', 'vertex5', 'vertex4'])"
1351649169.963,steps_max,"(36.82246781465781, ['vertex2', 'vertex6', 'vertex3', 'vertex5', 'vertex4'])"
1351649169.963,steps_min,"(36.82246781465781, ['vertex2', 'vertex6', 'vertex3', 'vertex5', 'vertex4'])"
1351649169.963,steps_lrtdp,"(36.82246781465781, ['vertex2', 'vertex6', 'vertex3', 'vertex5', 'vertex4'])"
1351647724.805,steps_curr,"(48.82246781465782, ['vertex2', 'vertex6', 'vertex3', 'vertex5', 'vertex4'])"
1351647724.805,steps_avg,"(48.82246781465782, ['vertex2', 'vertex6', 'vertex3', 'vertex5', 'vertex4'])"
1351647724.805,steps_max,"(48.82246781465782, ['vertex2', 'vertex6', 'vertex3', 'vertex5', 'vertex4'])"
1351647724.805,steps_min,"(48.82246781465782, ['vertex2', 'vertex6', 'vertex3', 'vertex5', 'vertex4'])"
1351647724.805,steps_lrtdp,"(46.639312869959774, ['vertex2', 'vertex3', 'vertex6', 'vertex2', 'vertex1', 'vertex2', 'vertex3', 'vertex5', 'vertex4'])"
1351644992.298,steps_curr,"(36.82246781465781, ['vertex2', 'vertex6', 'vertex3', 'vertex5', 'vertex4'])"
1351644992.298,steps_avg,"(36.82246781465781, ['vertex2', 'vertex6', 'vertex3', 'vertex5', 'vertex4'])"
1351644992.298,steps_max,"(36.82246781465781, ['vertex2', 'vertex6', 'vertex3', 'vertex5', 'vertex4'])"
1351644992.298,steps_min,"(36.82246781465781, ['vertex2', 'vertex6', 'vertex3', 'vertex5', 'vertex4'])"
1351644992.298,steps_lrtdp,"(34.142843025413256, ['vertex2', 'vertex6', 'vertex3', 'vertex6', 'vertex3', 'vertex5', 'vertex4'])"
1351651349.547,steps_curr,"(29.622467814657817, ['vertex2', 'vertex6', 'vertex3', 'vertex5', 'vertex4'])"
1351651349.547,steps_avg,"(29.622467814657817, ['vertex2', 'vertex6', 'vertex3', 'vertex5', 'vertex4'])"
1351651349.547,steps_max,"(29.622467814657817, ['vertex2', 'vertex6', 'vertex3', 'vertex5', 'vertex4'])"
1351651349.547,steps_min,"(29.622467814657817, ['vertex2', 'vertex6', 'vertex3', 'vertex5', 'vertex4'])"
1351651349.547,steps_lrtdp,"(29.622467814657817, ['vertex2', 'vertex6', 'vertex3', 'vertex5', 'vertex4'])"
1351642867.978,steps_curr,"(27.22246781465782, ['vertex2', 'vertex6', 'vertex3', 'vertex5', 'vertex4'])"
1351642867.978,steps_avg,"(27.22246781465782, ['vertex2', 'vertex6', 'vertex3', 'vertex5', 'vertex4'])"
1351642867.978,steps_max,"(27.22246781465782, ['vertex2', 'vertex6', 'vertex3', 'vertex5', 'vertex4'])"
1351642867.978,steps_min,"(27.22246781465782, ['vertex2', 'vertex6', 'vertex3', 'vertex5', 'vertex4'])"
1351642867.978,steps_lrtdp,"(27.22246781465782, ['vertex2', 'vertex6', 'vertex3', 'vertex5', 'vertex4'])"
1351649904.876,steps_curr,"(32.022467814657816, ['vertex2', 'vertex6', 'vertex3', 'vertex5', 'vertex4'])"
1351649904.876,steps_avg,"(32.022467814657816, ['vertex2', 'vertex6', 'vertex3', 'vertex5', 'vertex4'])"
1351649904.876,steps_max,"(32.022467814657816, ['vertex2', 'vertex6', 'vertex3', 'vertex5', 'vertex4'])"
1351649904.876,steps_min,"(32.022467814657816, ['vertex2', 'vertex6', 'vertex3', 'vertex5', 'vertex4'])"
1351649904.876,steps_lrtdp,"(32.022467814657816, ['vertex2', 'vertex6', 'vertex3', 'vertex5', 'vertex4'])"
1351650423.0,steps_curr,"(58.31204932991905, ['vertex2', 'vertex3', 'vertex6', 'vertex5', 'vertex4'])"
1351650423.0,steps_avg,"(45.22246781465782, ['vertex2', 'vertex6', 'vertex3', 'vertex5', 'vertex4'])"
1351650423.0,steps_max,"(45.22246781465782, ['vertex2', 'vertex6', 'vertex3', 'vertex5', 'vertex4'])"
1351650423.0,steps_min,"(45.22246781465782, ['vertex2', 'vertex6', 'vertex3', 'vertex5', 'vertex4'])"
1351650423.0,steps_lrtdp,"(45.22246781465782, ['vertex2', 'vertex6', 'vertex3', 'vertex5', 'vertex4'])"
1351650999.49,steps_curr,"(41.62246781465782, ['vertex2', 'vertex6', 'vertex3', 'vertex5', 'vertex4'])"
1351650999.49,steps_avg,"(41.62246781465782, ['vertex2', 'vertex6', 'vertex3', 'vertex5', 'vertex4'])"
1351650999.49,steps_max,"(41.62246781465782, ['vertex2', 'vertex6', 'vertex3', 'vertex5', 'vertex4'])"
1351650999.49,steps_min,"(41.62246781465782, ['vertex2', 'vertex6', 'vertex3', 'vertex5', 'vertex4'])"
1351650999.49,steps_lrtdp,"(48.712049329919054, ['vertex2', 'vertex3', 'vertex6', 'vertex5', 'vertex4'])"
1351642604.179,steps_curr,"(34.312049329919056, ['vertex2', 'vertex3', 'vertex6', 'vertex5', 'vertex4'])"
1351642604.179,steps_avg,"(32.022467814657816, ['vertex2', 'vertex6', 'vertex3', 'vertex5', 'vertex4'])"
1351642604.179,steps_max,"(32.022467814657816, ['vertex2', 'vertex6', 'vertex3', 'vertex5', 'vertex4'])"
1351642604.179,steps_min,"(32.022467814657816, ['vertex2', 'vertex6', 'vertex3', 'vertex5', 'vertex4'])"
1351642604.179,steps_lrtdp,"(32.022467814657816, ['vertex2', 'vertex6', 'vertex3', 'vertex5', 'vertex4'])"
1351648398.754,steps_curr,"(26.022467814657816, ['vertex2', 'vertex6', 'vertex3', 'vertex5', 'vertex4'])"
1351648398.754,steps_avg,"(26.022467814657816, ['vertex2', 'vertex6', 'vertex3', 'vertex5', 'vertex4'])"
1351648398.754,steps_max,"(26.022467814657816, ['vertex2', 'vertex6', 'vertex3', 'vertex5', 'vertex4'])"
1351648398.754,steps_min,"(26.022467814657816, ['vertex2', 'vertex6', 'vertex3', 'vertex5', 'vertex4'])"
1351648398.754,steps_lrtdp,"(26.022467814657816, ['vertex2', 'vertex6', 'vertex3', 'vertex5', 'vertex4'])"
1351647667.161,steps_curr,"(26.022467814657816, ['vertex2', 'vertex6', 'vertex3', 'vertex5', 'vertex4'])"
1351647667.161,steps_avg,"(26.022467814657816, ['vertex2', 'vertex6', 'vertex3', 'vertex5', 'vertex4'])"
1351647667.161,steps_max,"(26.022467814657816, ['vertex2', 'vertex6', 'vertex3', 'vertex5', 'vertex4'])"
1351647667.161,steps_min,"(26.022467814657816, ['vertex2', 'vertex6', 'vertex3', 'vertex5', 'vertex4'])"
1351647667.161,steps_lrtdp,"(26.022467814657816, ['vertex2', 'vertex6', 'vertex3', 'vertex5', 'vertex4'])"
1351651283.199,steps_curr,"(33.22246781465782, ['vertex2', 'vertex6', 'vertex3', 'vertex5', 'vertex4'])"
1351651283.199,steps_avg,"(33.22246781465782, ['vertex2', 'vertex6', 'vertex3', 'vertex5', 'vertex4'])"
1351651283.199,steps_max,"(33.22246781465782, ['vertex2', 'vertex6', 'vertex3', 'vertex5', 'vertex4'])"
1351651283.199,steps_min,"(33.22246781465782, ['vertex2', 'vertex6', 'vertex3', 'vertex5', 'vertex4'])"
1351651283.199,steps_lrtdp,"(33.22246781465782, ['vertex2', 'vertex6', 'vertex3', 'vertex5', 'vertex4'])"
1351643288.0,steps_curr,"(29.51204932991906, ['vertex2', 'vertex3', 'vertex6', 'vertex5', 'vertex4'])"
1351643288.0,steps_avg,"(26.022467814657816, ['vertex2', 'vertex6', 'vertex3', 'vertex5', 'vertex4'])"
1351643288.0,steps_max,"(26.022467814657816, ['vertex2', 'vertex6', 'vertex3', 'vertex5', 'vertex4'])"
1351643288.0,steps_min,"(26.022467814657816, ['vertex2', 'vertex6', 'vertex3', 'vertex5', 'vertex4'])"
1351643288.0,steps_lrtdp,"(26.022467814657816, ['vertex2', 'vertex6', 'vertex3', 'vertex5', 'vertex4'])"
1351646766.203,steps_curr,"(55.91204932991906, ['vertex2', 'vertex3', 'vertex6', 'vertex5', 'vertex4'])"
1351646766.203,steps_avg,"(46.42246781465782, ['vertex2', 'vertex6', 'vertex3', 'vertex5', 'vertex4'])"
1351646766.203,steps_max,"(46.42246781465782, ['vertex2', 'vertex6', 'vertex3', 'vertex5', 'vertex4'])"
1351646766.203,steps_min,"(46.42246781465782, ['vertex2', 'vertex6', 'vertex3', 'vertex5', 'vertex4'])"
1351646766.203,steps_lrtdp,"(47.54604558445118, ['vertex2', 'vertex6', 'vertex2', 'vertex3', 'vertex6', 'vertex5', 'vertex4'])"
1351642699.771,steps_curr,"(28.422467814657814, ['vertex2', 'vertex6', 'vertex3', 'vertex5', 'vertex4'])"
1351642699.771,steps_avg,"(28.422467814657814, ['vertex2', 'vertex6', 'vertex3', 'vertex5', 'vertex4'])"
1351642699.771,steps_max,"(28.422467814657814, ['vertex2', 'vertex6', 'vertex3', 'vertex5', 'vertex4'])"
1351642699.771,steps_min,"(28.422467814657814, ['vertex2', 'vertex6', 'vertex3', 'vertex5', 'vertex4'])"
1351642699.771,steps_lrtdp,"(28.422467814657814, ['vertex2', 'vertex6', 'vertex3', 'vertex5', 'vertex4'])"
1351644411.427,steps_curr,"(41.51204932991905, ['vertex2', 'vertex3', 'vertex6', 'vertex5', 'vertex4'])"
1351644411.427,steps_avg,"(27.22246781465782, ['vertex2', 'vertex6', 'vertex3', 'vertex5', 'vertex4'])"
1351644411.427,steps_max,"(27.22246781465782, ['vertex2', 'vertex6', 'vertex3', 'vertex5', 'vertex4'])"
1351644411.427,steps_min,"(27.22246781465782, ['vertex2', 'vertex6', 'vertex3', 'vertex5', 'vertex4'])"
1351644411.427,steps_lrtdp,"(27.22246781465782, ['vertex2', 'vertex6', 'vertex3', 'vertex5', 'vertex4'])"
1351643834.24,steps_curr,"(33.22246781465782, ['vertex2', 'vertex6', 'vertex3', 'vertex5', 'vertex4'])"
1351643834.24,steps_avg,"(33.22246781465782, ['vertex2', 'vertex6', 'vertex3', 'vertex5', 'vertex4'])"
1351643834.24,steps_max,"(33.22246781465782, ['vertex2', 'vertex6', 'vertex3', 'vertex5', 'vertex4'])"
1351643834.24,steps_min,"(33.22246781465782, ['vertex2', 'vertex6', 'vertex3', 'vertex5', 'vertex4'])"
1351643834.24,steps_lrtdp,"(33.09620374453839, ['vertex2', 'vertex6', 'vertex3', 'vertex6', 'vertex5', 'vertex4'])"
1351647988.333,steps_curr,"(26.022467814657816, ['vertex2', 'vertex6', 'vertex3', 'vertex5', 'vertex4'])"
1351647988.333,steps_avg,"(26.022467814657816, ['vertex2', 'vertex6', 'vertex3', 'vertex5', 'vertex4'])"
1351647988.333,steps_max,"(26.022467814657816, ['vertex2', 'vertex6', 'vertex3', 'vertex5', 'vertex4'])"
1351647988.333,steps_min,"(26.022467814657816, ['vertex2', 'vertex6', 'vertex3', 'vertex5', 'vertex4'])"
1351647988.333,steps_lrtdp,"(26.022467814657816, ['vertex2', 'vertex6', 'vertex3', 'vertex5', 'vertex4'])"
1351649017.308,steps_curr,"(40.312049329919056, ['vertex2', 'vertex3', 'vertex6', 'vertex5', 'vertex4'])"
1351649017.308,steps_avg,"(28.422467814657818, ['vertex2', 'vertex6', 'vertex3', 'vertex5', 'vertex4'])"
1351649017.308,steps_max,"(28.422467814657818, ['vertex2', 'vertex6', 'vertex3', 'vertex5', 'vertex4'])"
1351649017.308,steps_min,"(28.422467814657818, ['vertex2', 'vertex6', 'vertex3', 'vertex5', 'vertex4'])"
1351649017.308,steps_lrtdp,"(28.422467814657818, ['vertex2', 'vertex6', 'vertex3', 'vertex5', 'vertex4'])"
1351641832.635,steps_curr,"(26.022467814657816, ['vertex2', 'vertex6', 'vertex3', 'vertex5', 'vertex4'])"
1351641832.635,steps_avg,"(26.022467814657816, ['vertex2', 'vertex6', 'vertex3', 'vertex5', 'vertex4'])"
1351641832.635,steps_max,"(26.022467814657816, ['vertex2', 'vertex6', 'vertex3', 'vertex5', 'vertex4'])"
1351641832.635,steps_min,"(26.022467814657816, ['vertex2', 'vertex6', 'vertex3', 'vertex5', 'vertex4'])"
1351641832.635,steps_lrtdp,"(26.022467814657816, ['vertex2', 'vertex6', 'vertex3', 'vertex5', 'vertex4'])"
1351648165.169,steps_curr,"(60.82246781465782, ['vertex2', 'vertex6', 'vertex3', 'vertex5', 'vertex4'])"
1351648165.169,steps_avg,"(60.82246781465782, ['vertex2', 'vertex6', 'vertex3', 'vertex5', 'vertex4'])"
1351648165.169,steps_max,"(60.82246781465782, ['vertex2', 'vertex6', 'vertex3', 'vertex5', 'vertex4'])"
1351648165.169,steps_min,"(60.82246781465782, ['vertex2', 'vertex6', 'vertex3', 'vertex5', 'vertex4'])"
1351648165.169,steps_lrtdp,"(73.03066846527616, ['vertex6', 'vertex2', 'vertex6', 'vertex3', 'vertex6', 'vertex5', 'vertex3', 'vertex6', 'vertex3', 'vertex5', 'vertex4'])"
1351645582.16,steps_curr,"(39.11204932991905, ['vertex2', 'vertex3', 'vertex6', 'vertex5', 'vertex4'])"
1351645582.16,steps_avg,"(27.22246781465782, ['vertex2', 'vertex6', 'vertex3', 'vertex5', 'vertex4'])"
1351645582.16,steps_max,"(27.22246781465782, ['vertex2', 'vertex6', 'vertex3', 'vertex5', 'vertex4'])"
1351645582.16,steps_min,"(27.22246781465782, ['vertex2', 'vertex6', 'vertex3', 'vertex5', 'vertex4'])"
1351645582.16,steps_lrtdp,"(27.22246781465782, ['vertex2', 'vertex6', 'vertex3', 'vertex5', 'vertex4'])"
1351648517.098,steps_curr,"(26.022467814657816, ['vertex2', 'vertex6', 'vertex3', 'vertex5', 'vertex4'])"
1351648517.098,steps_avg,"(26.022467814657816, ['vertex2', 'vertex6', 'vertex3', 'vertex5', 'vertex4'])"
1351648517.098,steps_max,"(26.022467814657816, ['vertex2', 'vertex6', 'vertex3', 'vertex5', 'vertex4'])"
1351648517.098,steps_min,"(26.022467814657816, ['vertex2', 'vertex6', 'vertex3', 'vertex5', 'vertex4'])"
1351648517.098,steps_lrtdp,"(26.022467814657816, ['vertex2', 'vertex6', 'vertex3', 'vertex5', 'vertex4'])"
1351649719.582,steps_curr,"(30.822467814657816, ['vertex2', 'vertex6', 'vertex3', 'vertex5', 'vertex4'])"
1351649719.582,steps_avg,"(30.822467814657816, ['vertex2', 'vertex6', 'vertex3', 'vertex5', 'vertex4'])"
1351649719.582,steps_max,"(30.822467814657816, ['vertex2', 'vertex6', 'vertex3', 'vertex5', 'vertex4'])"
1351649719.582,steps_min,"(30.822467814657816, ['vertex2', 'vertex6', 'vertex3', 'vertex5', 'vertex4'])"
1351649719.582,steps_lrtdp,"(30.822467814657816, ['vertex2', 'vertex6', 'vertex3', 'vertex5', 'vertex4'])"
1351647187.574,steps_curr,"(26.022467814657816, ['vertex2', 'vertex6', 'vertex3', 'vertex5', 'vertex4'])"
1351647187.574,steps_avg,"(26.022467814657816, ['vertex2', 'vertex6', 'vertex3', 'vertex5', 'vertex4'])"
1351647187.574,steps_max,"(26.022467814657816, ['vertex2', 'vertex6', 'vertex3', 'vertex5', 'vertex4'])"
1351647187.574,steps_min,"(26.022467814657816, ['vertex2', 'vertex6', 'vertex3', 'vertex5', 'vertex4'])"
1351647187.574,steps_lrtdp,"(26.022467814657816, ['vertex2', 'vertex6', 'vertex3', 'vertex5', 'vertex4'])"
1351642323.0,steps_curr,"(39.11204932991905, ['vertex2', 'vertex3', 'vertex6', 'vertex5', 'vertex4'])"
1351642323.0,steps_avg,"(35.62246781465782, ['vertex2', 'vertex6', 'vertex3', 'vertex5', 'vertex4'])"
1351642323.0,steps_max,"(35.62246781465782, ['vertex2', 'vertex6', 'vertex3', 'vertex5', 'vertex4'])"
1351642323.0,steps_min,"(35.62246781465782, ['vertex2', 'vertex6', 'vertex3', 'vertex5', 'vertex4'])"
1351642323.0,steps_lrtdp,"(36.54284302541325, ['vertex2', 'vertex6', 'vertex3', 'vertex6', 'vertex3', 'vertex5', 'vertex4'])"
1351644738.159,steps_curr,"(34.422467814657814, ['vertex2', 'vertex6', 'vertex3', 'vertex5', 'vertex4'])"
1351644738.159,steps_avg,"(34.422467814657814, ['vertex2', 'vertex6', 'vertex3', 'vertex5', 'vertex4'])"
1351644738.159,steps_max,"(34.422467814657814, ['vertex2', 'vertex6', 'vertex3', 'vertex5', 'vertex4'])"
1351644738.159,steps_min,"(34.422467814657814, ['vertex2', 'vertex6', 'vertex3', 'vertex5', 'vertex4'])"
1351644738.159,steps_lrtdp,"(34.422467814657814, ['vertex2', 'vertex6', 'vertex3', 'vertex5', 'vertex4'])"
1351647935.174,steps_curr,"(33.22246781465782, ['vertex2', 'vertex6', 'vertex3', 'vertex5', 'vertex4'])"
1351647935.174,steps_avg,"(33.22246781465782, ['vertex2', 'vertex6', 'vertex3', 'vertex5', 'vertex4'])"
1351647935.174,steps_max,"(33.22246781465782, ['vertex2', 'vertex6', 'vertex3', 'vertex5', 'vertex4'])"
1351647935.174,steps_min,"(33.22246781465782, ['vertex2', 'vertex6', 'vertex3', 'vertex5', 'vertex4'])"
1351647935.174,steps_lrtdp,"(32.958688610793914, ['vertex2', 'vertex3', 'vertex6', 'vertex3', 'vertex5', 'vertex4'])"
1351651222.68,steps_curr,"(44.022467814657816, ['vertex2', 'vertex6', 'vertex3', 'vertex5', 'vertex4'])"
1351651222.68,steps_avg,"(44.022467814657816, ['vertex2', 'vertex6', 'vertex3', 'vertex5', 'vertex4'])"
1351651222.68,steps_max,"(44.022467814657816, ['vertex2', 'vertex6', 'vertex3', 'vertex5', 'vertex4'])"
1351651222.68,steps_min,"(44.022467814657816, ['vertex2', 'vertex6', 'vertex3', 'vertex5', 'vertex4'])"
1351651222.68,steps_lrtdp,"(44.022467814657816, ['vertex2', 'vertex6', 'vertex3', 'vertex5', 'vertex4'])"
1351651377.192,steps_curr,"(39.11204932991905, ['vertex2', 'vertex3', 'vertex6', 'vertex5', 'vertex4'])"
1351651377.192,steps_avg,"(36.82246781465781, ['vertex2', 'vertex6', 'vertex3', 'vertex5', 'vertex4'])"
1351651377.192,steps_max,"(36.82246781465781, ['vertex2', 'vertex6', 'vertex3', 'vertex5', 'vertex4'])"
1351651377.192,steps_min,"(36.82246781465781, ['vertex2', 'vertex6', 'vertex3', 'vertex5', 'vertex4'])"
1351651377.192,steps_lrtdp,"(36.82246781465781, ['vertex2', 'vertex6', 'vertex3', 'vertex5', 'vertex4'])"
1351645231.811,steps_curr,"(27.22246781465782, ['vertex2', 'vertex6', 'vertex3', 'vertex5', 'vertex4'])"
1351645231.811,steps_avg,"(27.22246781465782, ['vertex2', 'vertex6', 'vertex3', 'vertex5', 'vertex4'])"
1351645231.811,steps_max,"(27.22246781465782, ['vertex2', 'vertex6', 'vertex3', 'vertex5', 'vertex4'])"
1351645231.811,steps_min,"(27.22246781465782, ['vertex2', 'vertex6', 'vertex3', 'vertex5', 'vertex4'])"
1351645231.811,steps_lrtdp,"(27.22246781465782, ['vertex2', 'vertex6', 'vertex3', 'vertex5', 'vertex4'])"
1351644343.878,steps_curr,"(26.022467814657816, ['vertex2', 'vertex6', 'vertex3', 'vertex5', 'vertex4'])"
1351644343.878,steps_avg,"(26.022467814657816, ['vertex2', 'vertex6', 'vertex3', 'vertex5', 'vertex4'])"
1351644343.878,steps_max,"(26.022467814657816, ['vertex2', 'vertex6', 'vertex3', 'vertex5', 'vertex4'])"
1351644343.878,steps_min,"(26.022467814657816, ['vertex2', 'vertex6', 'vertex3', 'vertex5', 'vertex4'])"
1351644343.878,steps_lrtdp,"(26.022467814657816, ['vertex2', 'vertex6', 'vertex3', 'vertex5', 'vertex4'])"
1351642909.416,steps_curr,"(39.22246781465782, ['vertex2', 'vertex6', 'vertex3', 'vertex5', 'vertex4'])"
1351642909.416,steps_avg,"(39.22246781465782, ['vertex2', 'vertex6', 'vertex3', 'vertex5', 'vertex4'])"
1351642909.416,steps_max,"(39.22246781465782, ['vertex2', 'vertex6', 'vertex3', 'vertex5', 'vertex4'])"
1351642909.416,steps_min,"(39.22246781465782, ['vertex2', 'vertex6', 'vertex3', 'vertex5', 'vertex4'])"
1351642909.416,steps_lrtdp,"(45.90910089398611, ['vertex6', 'vertex2', 'vertex3', 'vertex5', 'vertex4'])"
1351646891.047,steps_curr,"(26.022467814657816, ['vertex2', 'vertex6', 'vertex3', 'vertex5', 'vertex4'])"
1351646891.047,steps_avg,"(26.022467814657816, ['vertex2', 'vertex6', 'vertex3', 'vertex5', 'vertex4'])"
1351646891.047,steps_max,"(26.022467814657816, ['vertex2', 'vertex6', 'vertex3', 'vertex5', 'vertex4'])"
1351646891.047,steps_min,"(26.022467814657816, ['vertex2', 'vertex6', 'vertex3', 'vertex5', 'vertex4'])"
1351646891.047,steps_lrtdp,"(26.022467814657816, ['vertex2', 'vertex6', 'vertex3', 'vertex5', 'vertex4'])"
1351648463.573,steps_curr,"(32.022467814657816, ['vertex2', 'vertex6', 'vertex3', 'vertex5', 'vertex4'])"
1351648463.573,steps_avg,"(32.022467814657816, ['vertex2', 'vertex6', 'vertex3', 'vertex5', 'vertex4'])"
1351648463.573,steps_max,"(32.022467814657816, ['vertex2', 'vertex6', 'vertex3', 'vertex5', 'vertex4'])"
1351648463.573,steps_min,"(32.022467814657816, ['vertex2', 'vertex6', 'vertex3', 'vertex5', 'vertex4'])"
1351648463.573,steps_lrtdp,"(32.022467814657816, ['vertex2', 'vertex6', 'vertex3', 'vertex5', 'vertex4'])"
1351650953.42,steps_curr,"(38.022467814657816, ['vertex2', 'vertex6', 'vertex3', 'vertex5', 'vertex4'])"
1351650953.42,steps_avg,"(38.022467814657816, ['vertex2', 'vertex6', 'vertex3', 'vertex5', 'vertex4'])"
1351650953.42,steps_max,"(38.022467814657816, ['vertex2', 'vertex6', 'vertex3', 'vertex5', 'vertex4'])"
1351650953.42,steps_min,"(38.022467814657816, ['vertex2', 'vertex6', 'vertex3', 'vertex5', 'vertex4'])"
1351650953.42,steps_lrtdp,"(38.022467814657816, ['vertex2', 'vertex6', 'vertex3', 'vertex5', 'vertex4'])"
1351646115.197,steps_curr,"(30.822467814657813, ['vertex2', 'vertex6', 'vertex3', 'vertex5', 'vertex4'])"
1351646115.197,steps_avg,"(30.822467814657813, ['vertex2', 'vertex6', 'vertex3', 'vertex5', 'vertex4'])"
1351646115.197,steps_max,"(30.822467814657813, ['vertex2', 'vertex6', 'vertex3', 'vertex5', 'vertex4'])"
1351646115.197,steps_min,"(30.822467814657813, ['vertex2', 'vertex6', 'vertex3', 'vertex5', 'vertex4'])"
1351646115.197,steps_lrtdp,"(30.822467814657813, ['vertex2', 'vertex6', 'vertex3', 'vertex5', 'vertex4'])"
1351649577.051,steps_curr,"(41.51204932991905, ['vertex2', 'vertex3', 'vertex6', 'vertex5', 'vertex4'])"
1351649577.051,steps_avg,"(44.022467814657816, ['vertex2', 'vertex6', 'vertex3', 'vertex5', 'vertex4'])"
1351649577.051,steps_max,"(44.022467814657816, ['vertex2', 'vertex6', 'vertex3', 'vertex5', 'vertex4'])"
1351649577.051,steps_min,"(44.022467814657816, ['vertex2', 'vertex6', 'vertex3', 'vertex5', 'vertex4'])"
1351649577.051,steps_lrtdp,"(44.022467814657816, ['vertex2', 'vertex6', 'vertex3', 'vertex5', 'vertex4'])"
1351642504.783,steps_curr,"(34.422467814657814, ['vertex2', 'vertex6', 'vertex3', 'vertex5', 'vertex4'])"
1351642504.783,steps_avg,"(34.422467814657814, ['vertex2', 'vertex6', 'vertex3', 'vertex5', 'vertex4'])"
1351642504.783,steps_max,"(34.422467814657814, ['vertex2', 'vertex6', 'vertex3', 'vertex5', 'vertex4'])"
1351642504.783,steps_min,"(34.422467814657814, ['vertex2', 'vertex6', 'vertex3', 'vertex5', 'vertex4'])"
1351642504.783,steps_lrtdp,"(33.09620374453839, ['vertex2', 'vertex6', 'vertex3', 'vertex6', 'vertex5', 'vertex4'])"
1351647475.0,steps_curr,"(40.312049329919056, ['vertex2', 'vertex3', 'vertex6', 'vertex5', 'vertex4'])"
1351647475.0,steps_avg,"(52.42246781465782, ['vertex2', 'vertex6', 'vertex3', 'vertex5', 'vertex4'])"
1351647475.0,steps_max,"(52.42246781465782, ['vertex2', 'vertex6', 'vertex3', 'vertex5', 'vertex4'])"
1351647475.0,steps_min,"(52.42246781465782, ['vertex2', 'vertex6', 'vertex3', 'vertex5', 'vertex4'])"
1351647475.0,steps_lrtdp,"(39.0900414733264, ['vertex2', 'vertex1', 'vertex6', 'vertex3', 'vertex5', 'vertex4'])"
1351650074.619,steps_curr,"(32.022467814657816, ['vertex2', 'vertex6', 'vertex3', 'vertex5', 'vertex4'])"
1351650074.619,steps_avg,"(32.022467814657816, ['vertex2', 'vertex6', 'vertex3', 'vertex5', 'vertex4'])"
1351650074.619,steps_max,"(32.022467814657816, ['vertex2', 'vertex6', 'vertex3', 'vertex5', 'vertex4'])"
1351650074.619,steps_min,"(32.022467814657816, ['vertex2', 'vertex6', 'vertex3', 'vertex5', 'vertex4'])"
1351650074.619,steps_lrtdp,"(32.022467814657816, ['vertex2', 'vertex6', 'vertex3', 'vertex5', 'vertex4'])"
1351643934.375,steps_curr,"(35.62246781465782, ['vertex2', 'vertex6', 'vertex3', 'vertex5', 'vertex4'])"
1351643934.375,steps_avg,"(35.62246781465782, ['vertex2', 'vertex6', 'vertex3', 'vertex5', 'vertex4'])"
1351643934.375,steps_max,"(35.62246781465782, ['vertex2', 'vertex6', 'vertex3', 'vertex5', 'vertex4'])"
1351643934.375,steps_min,"(35.62246781465782, ['vertex2', 'vertex6', 'vertex3', 'vertex5', 'vertex4'])"
1351643934.375,steps_lrtdp,"(35.62246781465782, ['vertex2', 'vertex6', 'vertex3', 'vertex5', 'vertex4'])"
1351650915.586,steps_curr,"(48.82246781465781, ['vertex2', 'vertex6', 'vertex3', 'vertex5', 'vertex4'])"
1351650915.586,steps_avg,"(48.82246781465781, ['vertex2', 'vertex6', 'vertex3', 'vertex5', 'vertex4'])"
1351650915.586,steps_max,"(48.82246781465781, ['vertex2', 'vertex6', 'vertex3', 'vertex5', 'vertex4'])"
1351650915.586,steps_min,"(48.82246781465781, ['vertex2', 'vertex6', 'vertex3', 'vertex5', 'vertex4'])"
1351650915.586,steps_lrtdp,"(48.82246781465781, ['vertex2', 'vertex6', 'vertex3', 'vertex5', 'vertex4'])"
1351648089.542,steps_curr,"(33.11204932991905, ['vertex2', 'vertex3', 'vertex6', 'vertex5', 'vertex4'])"
1351648089.542,steps_avg,"(29.622467814657817, ['vertex2', 'vertex6', 'vertex3', 'vertex5', 'vertex4'])"
1351648089.542,steps_max,"(29.622467814657817, ['vertex2', 'vertex6', 'vertex3', 'vertex5', 'vertex4'])"
1351648089.542,steps_min,"(29.622467814657817, ['vertex2', 'vertex6', 'vertex3', 'vertex5', 'vertex4'])"
1351648089.542,steps_lrtdp,"(29.622467814657817, ['vertex2', 'vertex6', 'vertex3', 'vertex5', 'vertex4'])"
1351650585.2,steps_curr,"(36.712049329919054, ['vertex2', 'vertex3', 'vertex6', 'vertex5', 'vertex4'])"
1351650585.2,steps_avg,"(38.022467814657816, ['vertex2', 'vertex6', 'vertex3', 'vertex5', 'vertex4'])"
1351650585.2,steps_max,"(38.022467814657816, ['vertex2', 'vertex6', 'vertex3', 'vertex5', 'vertex4'])"
1351650585.2,steps_min,"(38.022467814657816, ['vertex2', 'vertex6', 'vertex3', 'vertex5', 'vertex4'])"
1351650585.2,steps_lrtdp,"(38.022467814657816, ['vertex2', 'vertex6', 'vertex3', 'vertex5', 'vertex4'])"
1351650746.034,steps_curr,"(32.022467814657816, ['vertex2', 'vertex6', 'vertex3', 'vertex5', 'vertex4'])"
1351650746.034,steps_avg,"(32.022467814657816, ['vertex2', 'vertex6', 'vertex3', 'vertex5', 'vertex4'])"
1351650746.034,steps_max,"(32.022467814657816, ['vertex2', 'vertex6', 'vertex3', 'vertex5', 'vertex4'])"
1351650746.034,steps_min,"(32.022467814657816, ['vertex2', 'vertex6', 'vertex3', 'vertex5', 'vertex4'])"
1351650746.034,steps_lrtdp,"(32.022467814657816, ['vertex2', 'vertex6', 'vertex3', 'vertex5', 'vertex4'])"
1351642058.707,steps_curr,"(32.022467814657816, ['vertex2', 'vertex6', 'vertex3', 'vertex5', 'vertex4'])"
1351642058.707,steps_avg,"(32.022467814657816, ['vertex2', 'vertex6', 'vertex3', 'vertex5', 'vertex4'])"
1351642058.707,steps_max,"(32.022467814657816, ['vertex2', 'vertex6', 'vertex3', 'vertex5', 'vertex4'])"
1351642058.707,steps_min,"(32.022467814657816, ['vertex2', 'vertex6', 'vertex3', 'vertex5', 'vertex4'])"
1351642058.707,steps_lrtdp,"(32.022467814657816, ['vertex2', 'vertex6', 'vertex3', 'vertex5', 'vertex4'])"
1351642415.784,steps_curr,"(29.622467814657817, ['vertex2', 'vertex6', 'vertex3', 'vertex5', 'vertex4'])"
1351642415.784,steps_avg,"(29.622467814657817, ['vertex2', 'vertex6', 'vertex3', 'vertex5', 'vertex4'])"
1351642415.784,steps_max,"(29.622467814657817, ['vertex2', 'vertex6', 'vertex3', 'vertex5', 'vertex4'])"
1351642415.784,steps_min,"(29.622467814657817, ['vertex2', 'vertex6', 'vertex3', 'vertex5', 'vertex4'])"
1351642415.784,steps_lrtdp,"(29.51204932991906, ['vertex2', 'vertex3', 'vertex6', 'vertex5', 'vertex4'])"
1351650461.427,steps_curr,"(41.62246781465782, ['vertex2', 'vertex6', 'vertex3', 'vertex5', 'vertex4'])"
1351650461.427,steps_avg,"(41.62246781465782, ['vertex2', 'vertex6', 'vertex3', 'vertex5', 'vertex4'])"
1351650461.427,steps_max,"(41.62246781465782, ['vertex2', 'vertex6', 'vertex3', 'vertex5', 'vertex4'])"
1351650461.427,steps_min,"(41.62246781465782, ['vertex2', 'vertex6', 'vertex3', 'vertex5', 'vertex4'])"
1351650461.427,steps_lrtdp,"(41.62246781465782, ['vertex2', 'vertex6', 'vertex3', 'vertex5', 'vertex4'])"
1351646024.421,steps_curr,"(36.82246781465781, ['vertex2', 'vertex6', 'vertex3', 'vertex5', 'vertex4'])"
1351646024.421,steps_avg,"(36.82246781465781, ['vertex2', 'vertex6', 'vertex3', 'vertex5', 'vertex4'])"
1351646024.421,steps_max,"(36.82246781465781, ['vertex2', 'vertex6', 'vertex3', 'vertex5', 'vertex4'])"
1351646024.421,steps_min,"(36.82246781465781, ['vertex2', 'vertex6', 'vertex3', 'vertex5', 'vertex4'])"
1351646024.421,steps_lrtdp,"(36.82246781465781, ['vertex2', 'vertex6', 'vertex3', 'vertex5', 'vertex4'])"
1351647770.436,steps_curr,"(57.11204932991905, ['vertex2', 'vertex3', 'vertex6', 'vertex5', 'vertex4'])"
1351647770.436,steps_avg,"(41.62246781465782, ['vertex2', 'vertex6', 'vertex3', 'vertex5', 'vertex4'])"
1351647770.436,steps_max,"(41.62246781465782, ['vertex2', 'vertex6', 'vertex3', 'vertex5', 'vertex4'])"
1351647770.436,steps_min,"(41.62246781465782, ['vertex2', 'vertex6', 'vertex3', 'vertex5', 'vertex4'])"
1351647770.436,steps_lrtdp,"(41.62246781465782, ['vertex2', 'vertex6', 'vertex3', 'vertex5', 'vertex4'])"
1351647527.338,steps_curr,"(35.62246781465781, ['vertex2', 'vertex6', 'vertex3', 'vertex5', 'vertex4'])"
1351647527.338,steps_avg,"(35.62246781465781, ['vertex2', 'vertex6', 'vertex3', 'vertex5', 'vertex4'])"
1351647527.338,steps_max,"(35.62246781465781, ['vertex2', 'vertex6', 'vertex3', 'vertex5', 'vertex4'])"
1351647527.338,steps_min,"(35.62246781465781, ['vertex2', 'vertex6', 'vertex3', 'vertex5', 'vertex4'])"
1351647527.338,steps_lrtdp,"(34.15868861079392, ['vertex2', 'vertex3', 'vertex6', 'vertex3', 'vertex5', 'vertex4'])"
1351650585.0,steps_curr,"(39.11204932991906, ['vertex2', 'vertex3', 'vertex6', 'vertex5', 'vertex4'])"
1351650585.0,steps_avg,"(36.82246781465782, ['vertex2', 'vertex6', 'vertex3', 'vertex5', 'vertex4'])"
1351650585.0,steps_max,"(36.82246781465782, ['vertex2', 'vertex6', 'vertex3', 'vertex5', 'vertex4'])"
1351650585.0,steps_min,"(36.82246781465782, ['vertex2', 'vertex6', 'vertex3', 'vertex5', 'vertex4'])"
1351650585.0,steps_lrtdp,"(36.82246781465782, ['vertex2', 'vertex6', 'vertex3', 'vertex5', 'vertex4'])"
1351649616.224,steps_curr,"(30.822467814657816, ['vertex2', 'vertex6', 'vertex3', 'vertex5', 'vertex4'])"
1351649616.224,steps_avg,"(30.822467814657816, ['vertex2', 'vertex6', 'vertex3', 'vertex5', 'vertex4'])"
1351649616.224,steps_max,"(30.822467814657816, ['vertex2', 'vertex6', 'vertex3', 'vertex5', 'vertex4'])"
1351649616.224,steps_min,"(30.822467814657816, ['vertex2', 'vertex6', 'vertex3', 'vertex5', 'vertex4'])"
1351649616.224,steps_lrtdp,"(30.822467814657816, ['vertex2', 'vertex6', 'vertex3', 'vertex5', 'vertex4'])"
1351649784.552,steps_curr,"(26.022467814657816, ['vertex2', 'vertex6', 'vertex3', 'vertex5', 'vertex4'])"
1351649784.552,steps_avg,"(26.022467814657816, ['vertex2', 'vertex6', 'vertex3', 'vertex5', 'vertex4'])"
1351649784.552,steps_max,"(26.022467814657816, ['vertex2', 'vertex6', 'vertex3', 'vertex5', 'vertex4'])"
1351649784.552,steps_min,"(26.022467814657816, ['vertex2', 'vertex6', 'vertex3', 'vertex5', 'vertex4'])"
1351649784.552,steps_lrtdp,"(26.022467814657816, ['vertex2', 'vertex6', 'vertex3', 'vertex5', 'vertex4'])"
1351649228.498,steps_curr,"(37.91204932991906, ['vertex2', 'vertex3', 'vertex6', 'vertex5', 'vertex4'])"
1351649228.498,steps_avg,"(34.422467814657814, ['vertex2', 'vertex6', 'vertex3', 'vertex5', 'vertex4'])"
1351649228.498,steps_max,"(34.422467814657814, ['vertex2', 'vertex6', 'vertex3', 'vertex5', 'vertex4'])"
1351649228.498,steps_min,"(34.422467814657814, ['vertex2', 'vertex6', 'vertex3', 'vertex5', 'vertex4'])"
1351649228.498,steps_lrtdp,"(34.422467814657814, ['vertex2', 'vertex6', 'vertex3', 'vertex5', 'vertex4'])"
1351650692.785,steps_curr,"(26.022467814657816, ['vertex2', 'vertex6', 'vertex3', 'vertex5', 'vertex4'])"
1351650692.785,steps_avg,"(26.022467814657816, ['vertex2', 'vertex6', 'vertex3', 'vertex5', 'vertex4'])"
1351650692.785,steps_max,"(26.022467814657816, ['vertex2', 'vertex6', 'vertex3', 'vertex5', 'vertex4'])"
1351650692.785,steps_min,"(26.022467814657816, ['vertex2', 'vertex6', 'vertex3', 'vertex5', 'vertex4'])"
1351650692.785,steps_lrtdp,"(26.022467814657816, ['vertex2', 'vertex6', 'vertex3', 'vertex5', 'vertex4'])"
1351645749.881,steps_curr,"(33.22246781465782, ['vertex2', 'vertex6', 'vertex3', 'vertex5', 'vertex4'])"
1351645749.881,steps_avg,"(33.22246781465782, ['vertex2', 'vertex6', 'vertex3', 'vertex5', 'vertex4'])"
1351645749.881,steps_max,"(33.22246781465782, ['vertex2', 'vertex6', 'vertex3', 'vertex5', 'vertex4'])"
1351645749.881,steps_min,"(33.22246781465782, ['vertex2', 'vertex6', 'vertex3', 'vertex5', 'vertex4'])"
1351645749.881,steps_lrtdp,"(33.22246781465782, ['vertex2', 'vertex6', 'vertex3', 'vertex5', 'vertex4'])"
1351646307.832,steps_curr,"(32.022467814657816, ['vertex2', 'vertex6', 'vertex3', 'vertex5', 'vertex4'])"
1351646307.832,steps_avg,"(32.022467814657816, ['vertex2', 'vertex6', 'vertex3', 'vertex5', 'vertex4'])"
1351646307.832,steps_max,"(32.022467814657816, ['vertex2', 'vertex6', 'vertex3', 'vertex5', 'vertex4'])"
1351646307.832,steps_min,"(32.022467814657816, ['vertex2', 'vertex6', 'vertex3', 'vertex5', 'vertex4'])"
1351646307.832,steps_lrtdp,"(32.022467814657816, ['vertex2', 'vertex6', 'vertex3', 'vertex5', 'vertex4'])"
1351649577.0,steps_curr,"(40.31204932991905, ['vertex2', 'vertex3', 'vertex6', 'vertex5', 'vertex4'])"
1351649577.0,steps_avg,"(44.022467814657816, ['vertex2', 'vertex6', 'vertex3', 'vertex5', 'vertex4'])"
1351649577.0,steps_max,"(44.022467814657816, ['vertex2', 'vertex6', 'vertex3', 'vertex5', 'vertex4'])"
1351649577.0,steps_min,"(44.022467814657816, ['vertex2', 'vertex6', 'vertex3', 'vertex5', 'vertex4'])"
1351649577.0,steps_lrtdp,"(44.022467814657816, ['vertex2', 'vertex6', 'vertex3', 'vertex5', 'vertex4'])"
1351644926.357,steps_curr,"(27.22246781465782, ['vertex2', 'vertex6', 'vertex3', 'vertex5', 'vertex4'])"
1351644926.357,steps_avg,"(27.22246781465782, ['vertex2', 'vertex6', 'vertex3', 'vertex5', 'vertex4'])"
1351644926.357,steps_max,"(27.22246781465782, ['vertex2', 'vertex6', 'vertex3', 'vertex5', 'vertex4'])"
1351644926.357,steps_min,"(27.22246781465782, ['vertex2', 'vertex6', 'vertex3', 'vertex5', 'vertex4'])"
1351644926.357,steps_lrtdp,"(27.22246781465782, ['vertex2', 'vertex6', 'vertex3', 'vertex5', 'vertex4'])"
1351647848.232,steps_curr,"(29.51204932991906, ['vertex2', 'vertex3', 'vertex6', 'vertex5', 'vertex4'])"
1351647848.232,steps_avg,"(30.822467814657816, ['vertex2', 'vertex6', 'vertex3', 'vertex5', 'vertex4'])"
1351647848.232,steps_max,"(30.822467814657816, ['vertex2', 'vertex6', 'vertex3', 'vertex5', 'vertex4'])"
1351647848.232,steps_min,"(30.822467814657816, ['vertex2', 'vertex6', 'vertex3', 'vertex5', 'vertex4'])"
1351647848.232,steps_lrtdp,"(30.822467814657816, ['vertex2', 'vertex6', 'vertex3', 'vertex5', 'vertex4'])"
1351650321.954,steps_curr,"(27.22246781465782, ['vertex2', 'vertex6', 'vertex3', 'vertex5', 'vertex4'])"
1351650321.954,steps_avg,"(27.22246781465782, ['vertex2', 'vertex6', 'vertex3', 'vertex5', 'vertex4'])"
1351650321.954,steps_max,"(27.22246781465782, ['vertex2', 'vertex6', 'vertex3', 'vertex5', 'vertex4'])"
1351650321.954,steps_min,"(27.22246781465782, ['vertex2', 'vertex6', 'vertex3', 'vertex5', 'vertex4'])"
1351650321.954,steps_lrtdp,"(27.22246781465782, ['vertex2', 'vertex6', 'vertex3', 'vertex5', 'vertex4'])"
1351642781.864,steps_curr,"(28.422467814657814, ['vertex2', 'vertex6', 'vertex3', 'vertex5', 'vertex4'])"
1351642781.864,steps_avg,"(28.422467814657814, ['vertex2', 'vertex6', 'vertex3', 'vertex5', 'vertex4'])"
1351642781.864,steps_max,"(28.422467814657814, ['vertex2', 'vertex6', 'vertex3', 'vertex5', 'vertex4'])"
1351642781.864,steps_min,"(28.422467814657814, ['vertex2', 'vertex6', 'vertex3', 'vertex5', 'vertex4'])"
1351642781.864,steps_lrtdp,"(28.422467814657814, ['vertex2', 'vertex6', 'vertex3', 'vertex5', 'vertex4'])"
1351646175.766,steps_curr,"(30.82246781465782, ['vertex2', 'vertex6', 'vertex3', 'vertex5', 'vertex4'])"
1351646175.766,steps_avg,"(30.82246781465782, ['vertex2', 'vertex6', 'vertex3', 'vertex5', 'vertex4'])"
1351646175.766,steps_max,"(30.82246781465782, ['vertex2', 'vertex6', 'vertex3', 'vertex5', 'vertex4'])"
1351646175.766,steps_min,"(30.82246781465782, ['vertex2', 'vertex6', 'vertex3', 'vertex5', 'vertex4'])"
1351646175.766,steps_lrtdp,"(36.293255308605445, ['vertex6', 'vertex2', 'vertex6', 'vertex3', 'vertex5', 'vertex4'])"
1351648037.488,steps_curr,"(30.712049329919054, ['vertex2', 'vertex3', 'vertex6', 'vertex5', 'vertex4'])"
1351648037.488,steps_avg,"(29.622467814657817, ['vertex2', 'vertex6', 'vertex3', 'vertex5', 'vertex4'])"
1351648037.488,steps_max,"(29.622467814657817, ['vertex2', 'vertex6', 'vertex3', 'vertex5', 'vertex4'])"
1351648037.488,steps_min,"(29.622467814657817, ['vertex2', 'vertex6', 'vertex3', 'vertex5', 'vertex4'])"
1351648037.488,steps_lrtdp,"(29.622467814657817, ['vertex2', 'vertex6', 'vertex3', 'vertex5', 'vertex4'])"
1351650881.671,steps_curr,"(35.62246781465782, ['vertex2', 'vertex6', 'vertex3', 'vertex5', 'vertex4'])"
1351650881.671,steps_avg,"(35.62246781465782, ['vertex2', 'vertex6', 'vertex3', 'vertex5', 'vertex4'])"
1351650881.671,steps_max,"(35.62246781465782, ['vertex2', 'vertex6', 'vertex3', 'vertex5', 'vertex4'])"
1351650881.671,steps_min,"(35.62246781465782, ['vertex2', 'vertex6', 'vertex3', 'vertex5', 'vertex4'])"
1351650881.671,steps_lrtdp,"(35.34284302541325, ['vertex2', 'vertex6', 'vertex3', 'vertex6', 'vertex3', 'vertex5', 'vertex4'])"
1351651128.177,steps_curr,"(29.622467814657817, ['vertex2', 'vertex6', 'vertex3', 'vertex5', 'vertex4'])"
1351651128.177,steps_avg,"(29.622467814657817, ['vertex2', 'vertex6', 'vertex3', 'vertex5', 'vertex4'])"
1351651128.177,steps_max,"(29.622467814657817, ['vertex2', 'vertex6', 'vertex3', 'vertex5', 'vertex4'])"
1351651128.177,steps_min,"(29.622467814657817, ['vertex2', 'vertex6', 'vertex3', 'vertex5', 'vertex4'])"
1351651128.177,steps_lrtdp,"(29.622467814657817, ['vertex2', 'vertex6', 'vertex3', 'vertex5', 'vertex4'])"
1351643390.413,steps_curr,"(26.022467814657816, ['vertex2', 'vertex6', 'vertex3', 'vertex5', 'vertex4'])"
1351643390.413,steps_avg,"(26.022467814657816, ['vertex2', 'vertex6', 'vertex3', 'vertex5', 'vertex4'])"
1351643390.413,steps_max,"(26.022467814657816, ['vertex2', 'vertex6', 'vertex3', 'vertex5', 'vertex4'])"
1351643390.413,steps_min,"(26.022467814657816, ['vertex2', 'vertex6', 'vertex3', 'vertex5', 'vertex4'])"
1351643390.413,steps_lrtdp,"(26.022467814657816, ['vertex2', 'vertex6', 'vertex3', 'vertex5', 'vertex4'])"
1351647475.837,steps_curr,"(55.91204932991906, ['vertex2', 'vertex3', 'vertex6', 'vertex5', 'vertex4'])"
1351647475.837,steps_avg,"(38.022467814657816, ['vertex2', 'vertex6', 'vertex3', 'vertex5', 'vertex4'])"
1351647475.837,steps_max,"(38.022467814657816, ['vertex2', 'vertex6', 'vertex3', 'vertex5', 'vertex4'])"
1351647475.837,steps_min,"(38.022467814657816, ['vertex2', 'vertex6', 'vertex3', 'vertex5', 'vertex4'])"
1351647475.837,steps_lrtdp,"(38.022467814657816, ['vertex2', 'vertex6', 'vertex3', 'vertex5', 'vertex4'])"
1351647808.246,steps_curr,"(35.51204932991906, ['vertex2', 'vertex3', 'vertex6', 'vertex5', 'vertex4'])"
1351647808.246,steps_avg,"(26.022467814657816, ['vertex2', 'vertex6', 'vertex3', 'vertex5', 'vertex4'])"
1351647808.246,steps_max,"(26.022467814657816, ['vertex2', 'vertex6', 'vertex3', 'vertex5', 'vertex4'])"
1351647808.246,steps_min,"(26.022467814657816, ['vertex2', 'vertex6', 'vertex3', 'vertex5', 'vertex4'])"
1351647808.246,steps_lrtdp,"(26.022467814657816, ['vertex2', 'vertex6', 'vertex3', 'vertex5', 'vertex4'])"
1351649616.0,steps_curr,"(35.51204932991905, ['vertex2', 'vertex3', 'vertex6', 'vertex5', 'vertex4'])"
1351649616.0,steps_avg,"(28.422467814657818, ['vertex2', 'vertex6', 'vertex3', 'vertex5', 'vertex4'])"
1351649616.0,steps_max,"(28.422467814657818, ['vertex2', 'vertex6', 'vertex3', 'vertex5', 'vertex4'])"
1351649616.0,steps_min,"(28.422467814657818, ['vertex2', 'vertex6', 'vertex3', 'vertex5', 'vertex4'])"
1351649616.0,steps_lrtdp,"(28.422467814657818, ['vertex2', 'vertex6', 'vertex3', 'vertex5', 'vertex4'])"
1351646975.433,steps_curr,"(38.022467814657816, ['vertex2', 'vertex6', 'vertex3', 'vertex5', 'vertex4'])"
1351646975.433,steps_avg,"(38.022467814657816, ['vertex2', 'vertex6', 'vertex3', 'vertex5', 'vertex4'])"
1351646975.433,steps_max,"(38.022467814657816, ['vertex2', 'vertex6', 'vertex3', 'vertex5', 'vertex4'])"
1351646975.433,steps_min,"(38.022467814657816, ['vertex2', 'vertex6', 'vertex3', 'vertex5', 'vertex4'])"
1351646975.433,steps_lrtdp,"(38.022467814657816, ['vertex2', 'vertex6', 'vertex3', 'vertex5', 'vertex4'])"
1351651158.0,steps_curr,"(47.51204932991905, ['vertex2', 'vertex3', 'vertex6', 'vertex5', 'vertex4'])"
1351651158.0,steps_avg,"(48.82246781465781, ['vertex2', 'vertex6', 'vertex3', 'vertex5', 'vertex4'])"
1351651158.0,steps_max,"(48.82246781465781, ['vertex2', 'vertex6', 'vertex3', 'vertex5', 'vertex4'])"
1351651158.0,steps_min,"(48.82246781465781, ['vertex2', 'vertex6', 'vertex3', 'vertex5', 'vertex4'])"
1351651158.0,steps_lrtdp,"(45.09620374453839, ['vertex2', 'vertex6', 'vertex3', 'vertex6', 'vertex5', 'vertex4'])"
1351648569.311,steps_curr,"(51.11204932991905, ['vertex2', 'vertex3', 'vertex6', 'vertex5', 'vertex4'])"
1351648569.311,steps_avg,"(32.022467814657816, ['vertex2', 'vertex6', 'vertex3', 'vertex5', 'vertex4'])"
1351648569.311,steps_max,"(32.022467814657816, ['vertex2', 'vertex6', 'vertex3', 'vertex5', 'vertex4'])"
1351648569.311,steps_min,"(32.022467814657816, ['vertex2', 'vertex6', 'vertex3', 'vertex5', 'vertex4'])"
1351648569.311,steps_lrtdp,"(49.946045584451184, ['vertex2', 'vertex6', 'vertex2', 'vertex3', 'vertex6', 'vertex5', 'vertex4'])"
1351650631.55,steps_curr,"(29.622467814657817, ['vertex2', 'vertex6', 'vertex3', 'vertex5', 'vertex4'])"
1351650631.55,steps_avg,"(29.622467814657817, ['vertex2', 'vertex6', 'vertex3', 'vertex5', 'vertex4'])"
1351650631.55,steps_max,"(29.622467814657817, ['vertex2', 'vertex6', 'vertex3', 'vertex5', 'vertex4'])"
1351650631.55,steps_min,"(29.622467814657817, ['vertex2', 'vertex6', 'vertex3', 'vertex5', 'vertex4'])"
1351650631.55,steps_lrtdp,"(29.622467814657817, ['vertex2', 'vertex6', 'vertex3', 'vertex5', 'vertex4'])"
1351646376.766,steps_curr,"(26.022467814657816, ['vertex2', 'vertex6', 'vertex3', 'vertex5', 'vertex4'])"
1351646376.766,steps_avg,"(26.022467814657816, ['vertex2', 'vertex6', 'vertex3', 'vertex5', 'vertex4'])"
1351646376.766,steps_max,"(26.022467814657816, ['vertex2', 'vertex6', 'vertex3', 'vertex5', 'vertex4'])"
1351646376.766,steps_min,"(26.022467814657816, ['vertex2', 'vertex6', 'vertex3', 'vertex5', 'vertex4'])"
1351646376.766,steps_lrtdp,"(26.022467814657816, ['vertex2', 'vertex6', 'vertex3', 'vertex5', 'vertex4'])"
1351648301.82,steps_curr,"(60.82246781465782, ['vertex2', 'vertex6', 'vertex3', 'vertex5', 'vertex4'])"
1351648301.82,steps_avg,"(60.82246781465782, ['vertex2', 'vertex6', 'vertex3', 'vertex5', 'vertex4'])"
1351648301.82,steps_max,"(60.82246781465782, ['vertex2', 'vertex6', 'vertex3', 'vertex5', 'vertex4'])"
1351648301.82,steps_min,"(60.82246781465782, ['vertex2', 'vertex6', 'vertex3', 'vertex5', 'vertex4'])"
1351648301.82,steps_lrtdp,"(58.4723096545706, ['vertex2', 'vertex6', 'vertex2', 'vertex3', 'vertex5', 'vertex4'])"
1351651036.338,steps_curr,"(35.62246781465782, ['vertex2', 'vertex6', 'vertex3', 'vertex5', 'vertex4'])"
1351651036.338,steps_avg,"(35.62246781465782, ['vertex2', 'vertex6', 'vertex3', 'vertex5', 'vertex4'])"
1351651036.338,steps_max,"(35.62246781465782, ['vertex2', 'vertex6', 'vertex3', 'vertex5', 'vertex4'])"
1351651036.338,steps_min,"(35.62246781465782, ['vertex2', 'vertex6', 'vertex3', 'vertex5', 'vertex4'])"
1351651036.338,steps_lrtdp,"(35.62246781465782, ['vertex2', 'vertex6', 'vertex3', 'vertex5', 'vertex4'])"
1351649391.846,steps_curr,"(53.33659446616174, ['vertex2', 'vertex6', 'vertex5', 'vertex3', 'vertex4'])"
1351649391.846,steps_avg,"(32.022467814657816, ['vertex2', 'vertex6', 'vertex3', 'vertex5', 'vertex4'])"
1351649391.846,steps_max,"(32.022467814657816, ['vertex2', 'vertex6', 'vertex3', 'vertex5', 'vertex4'])"
1351649391.846,steps_min,"(32.022467814657816, ['vertex2', 'vertex6', 'vertex3', 'vertex5', 'vertex4'])"
1351649391.846,steps_lrtdp,"(32.022467814657816, ['vertex2', 'vertex6', 'vertex3', 'vertex5', 'vertex4'])"
1351650841.197,steps_curr,"(40.422467814657814, ['vertex2', 'vertex6', 'vertex3', 'vertex5', 'vertex4'])"
1351650841.197,steps_avg,"(40.422467814657814, ['vertex2', 'vertex6', 'vertex3', 'vertex5', 'vertex4'])"
1351650841.197,steps_max,"(40.422467814657814, ['vertex2', 'vertex6', 'vertex3', 'vertex5', 'vertex4'])"
1351650841.197,steps_min,"(40.422467814657814, ['vertex2', 'vertex6', 'vertex3', 'vertex5', 'vertex4'])"
1351650841.197,steps_lrtdp,"(40.422467814657814, ['vertex2', 'vertex6', 'vertex3', 'vertex5', 'vertex4'])"
1351649853.665,steps_curr,"(28.422467814657818, ['vertex2', 'vertex6', 'vertex3', 'vertex5', 'vertex4'])"
1351649853.665,steps_avg,"(28.422467814657818, ['vertex2', 'vertex6', 'vertex3', 'vertex5', 'vertex4'])"
1351649853.665,steps_max,"(28.422467814657818, ['vertex2', 'vertex6', 'vertex3', 'vertex5', 'vertex4'])"
1351649853.665,steps_min,"(28.422467814657818, ['vertex2', 'vertex6', 'vertex3', 'vertex5', 'vertex4'])"
1351649853.665,steps_lrtdp,"(28.422467814657818, ['vertex2', 'vertex6', 'vertex3', 'vertex5', 'vertex4'])"
1351651192.292,steps_curr,"(33.22246781465782, ['vertex2', 'vertex6', 'vertex3', 'vertex5', 'vertex4'])"
1351651192.292,steps_avg,"(33.22246781465782, ['vertex2', 'vertex6', 'vertex3', 'vertex5', 'vertex4'])"
1351651192.292,steps_max,"(33.22246781465782, ['vertex2', 'vertex6', 'vertex3', 'vertex5', 'vertex4'])"
1351651192.292,steps_min,"(33.22246781465782, ['vertex2', 'vertex6', 'vertex3', 'vertex5', 'vertex4'])"
1351651192.292,steps_lrtdp,"(33.22246781465782, ['vertex2', 'vertex6', 'vertex3', 'vertex5', 'vertex4'])"
1351644491.125,steps_curr,"(26.022467814657816, ['vertex2', 'vertex6', 'vertex3', 'vertex5', 'vertex4'])"
1351644491.125,steps_avg,"(26.022467814657816, ['vertex2', 'vertex6', 'vertex3', 'vertex5', 'vertex4'])"
1351644491.125,steps_max,"(26.022467814657816, ['vertex2', 'vertex6', 'vertex3', 'vertex5', 'vertex4'])"
1351644491.125,steps_min,"(26.022467814657816, ['vertex2', 'vertex6', 'vertex3', 'vertex5', 'vertex4'])"
1351644491.125,steps_lrtdp,"(26.022467814657816, ['vertex2', 'vertex6', 'vertex3', 'vertex5', 'vertex4'])"
1351645337.872,steps_curr,"(26.022467814657816, ['vertex2', 'vertex6', 'vertex3', 'vertex5', 'vertex4'])"
1351645337.872,steps_avg,"(26.022467814657816, ['vertex2', 'vertex6', 'vertex3', 'vertex5', 'vertex4'])"
1351645337.872,steps_max,"(26.022467814657816, ['vertex2', 'vertex6', 'vertex3', 'vertex5', 'vertex4'])"
1351645337.872,steps_min,"(26.022467814657816, ['vertex2', 'vertex6', 'vertex3', 'vertex5', 'vertex4'])"
1351645337.872,steps_lrtdp,"(26.022467814657816, ['vertex2', 'vertex6', 'vertex3', 'vertex5', 'vertex4'])"
1351649441.846,steps_curr,"(26.022467814657816, ['vertex2', 'vertex6', 'vertex3', 'vertex5', 'vertex4'])"
1351649441.846,steps_avg,"(26.022467814657816, ['vertex2', 'vertex6', 'vertex3', 'vertex5', 'vertex4'])"
1351649441.846,steps_max,"(26.022467814657816, ['vertex2', 'vertex6', 'vertex3', 'vertex5', 'vertex4'])"
1351649441.846,steps_min,"(26.022467814657816, ['vertex2', 'vertex6', 'vertex3', 'vertex5', 'vertex4'])"
1351649441.846,steps_lrtdp,"(26.022467814657816, ['vertex2', 'vertex6', 'vertex3', 'vertex5', 'vertex4'])"
1351650423.271,steps_curr,"(52.31204932991905, ['vertex2', 'vertex3', 'vertex6', 'vertex5', 'vertex4'])"
1351650423.271,steps_avg,"(38.022467814657816, ['vertex2', 'vertex6', 'vertex3', 'vertex5', 'vertex4'])"
1351650423.271,steps_max,"(38.022467814657816, ['vertex2', 'vertex6', 'vertex3', 'vertex5', 'vertex4'])"
1351650423.271,steps_min,"(38.022467814657816, ['vertex2', 'vertex6', 'vertex3', 'vertex5', 'vertex4'])"
1351650423.271,steps_lrtdp,"(38.022467814657816, ['vertex2', 'vertex6', 'vertex3', 'vertex5', 'vertex4'])"
1351641934.386,steps_curr,"(42.82246781465781, ['vertex2', 'vertex6', 'vertex3', 'vertex5', 'vertex4'])"
1351641934.386,steps_avg,"(42.82246781465781, ['vertex2', 'vertex6', 'vertex3', 'vertex5', 'vertex4'])"
1351641934.386,steps_max,"(42.82246781465781, ['vertex2', 'vertex6', 'vertex3', 'vertex5', 'vertex4'])"
1351641934.386,steps_min,"(42.82246781465781, ['vertex2', 'vertex6', 'vertex3', 'vertex5', 'vertex4'])"
1351641934.386,steps_lrtdp,"(48.696203744538394, ['vertex2', 'vertex6', 'vertex3', 'vertex6', 'vertex5', 'vertex4'])"
1351643979.334,steps_curr,"(26.022467814657816, ['vertex2', 'vertex6', 'vertex3', 'vertex5', 'vertex4'])"
1351643979.334,steps_avg,"(26.022467814657816, ['vertex2', 'vertex6', 'vertex3', 'vertex5', 'vertex4'])"
1351643979.334,steps_max,"(26.022467814657816, ['vertex2', 'vertex6', 'vertex3', 'vertex5', 'vertex4'])"
1351643979.334,steps_min,"(26.022467814657816, ['vertex2', 'vertex6', 'vertex3', 'vertex5', 'vertex4'])"
1351643979.334,steps_lrtdp,"(26.022467814657816, ['vertex2', 'vertex6', 'vertex3', 'vertex5', 'vertex4'])"
1351646547.262,steps_curr,"(26.022467814657816, ['vertex2', 'vertex6', 'vertex3', 'vertex5', 'vertex4'])"
1351646547.262,steps_avg,"(26.022467814657816, ['vertex2', 'vertex6', 'vertex3', 'vertex5', 'vertex4'])"
1351646547.262,steps_max,"(26.022467814657816, ['vertex2', 'vertex6', 'vertex3', 'vertex5', 'vertex4'])"
1351646547.262,steps_min,"(26.022467814657816, ['vertex2', 'vertex6', 'vertex3', 'vertex5', 'vertex4'])"
1351646547.262,steps_lrtdp,"(26.022467814657816, ['vertex2', 'vertex6', 'vertex3', 'vertex5', 'vertex4'])"
1351648943.591,steps_curr,"(29.51204932991906, ['vertex2', 'vertex3', 'vertex6', 'vertex5', 'vertex4'])"
1351648943.591,steps_avg,"(26.022467814657816, ['vertex2', 'vertex6', 'vertex3', 'vertex5', 'vertex4'])"
1351648943.591,steps_max,"(26.022467814657816, ['vertex2', 'vertex6', 'vertex3', 'vertex5', 'vertex4'])"
1351648943.591,steps_min,"(26.022467814657816, ['vertex2', 'vertex6', 'vertex3', 'vertex5', 'vertex4'])"
1351648943.591,steps_lrtdp,"(26.022467814657816, ['vertex2', 'vertex6', 'vertex3', 'vertex5', 'vertex4'])"
1351648641.592,steps_curr,"(33.22246781465782, ['vertex2', 'vertex6', 'vertex3', 'vertex5', 'vertex4'])"
1351648641.592,steps_avg,"(33.22246781465782, ['vertex2', 'vertex6', 'vertex3', 'vertex5', 'vertex4'])"
1351648641.592,steps_max,"(33.22246781465782, ['vertex2', 'vertex6', 'vertex3', 'vertex5', 'vertex4'])"
1351648641.592,steps_min,"(33.22246781465782, ['vertex2', 'vertex6', 'vertex3', 'vertex5', 'vertex4'])"
1351648641.592,steps_lrtdp,"(31.74284302541325, ['vertex2', 'vertex6', 'vertex3', 'vertex6', 'vertex3', 'vertex5', 'vertex4'])"
1351651067.063,steps_curr,"(28.422467814657814, ['vertex2', 'vertex6', 'vertex3', 'vertex5', 'vertex4'])"
1351651067.063,steps_avg,"(28.422467814657814, ['vertex2', 'vertex6', 'vertex3', 'vertex5', 'vertex4'])"
1351651067.063,steps_max,"(28.422467814657814, ['vertex2', 'vertex6', 'vertex3', 'vertex5', 'vertex4'])"
1351651067.063,steps_min,"(28.422467814657814, ['vertex2', 'vertex6', 'vertex3', 'vertex5', 'vertex4'])"
1351651067.063,steps_lrtdp,"(28.422467814657814, ['vertex2', 'vertex6', 'vertex3', 'vertex5', 'vertex4'])"
1351648206.299,steps_curr,"(42.82246781465781, ['vertex2', 'vertex6', 'vertex3', 'vertex5', 'vertex4'])"
1351648206.299,steps_avg,"(42.82246781465781, ['vertex2', 'vertex6', 'vertex3', 'vertex5', 'vertex4'])"
1351648206.299,steps_max,"(42.82246781465781, ['vertex2', 'vertex6', 'vertex3', 'vertex5', 'vertex4'])"
1351648206.299,steps_min,"(42.82246781465781, ['vertex2', 'vertex6', 'vertex3', 'vertex5', 'vertex4'])"
1351648206.299,steps_lrtdp,"(42.82246781465781, ['vertex2', 'vertex6', 'vertex3', 'vertex5', 'vertex4'])"
1351642323.331,steps_curr,"(32.022467814657816, ['vertex2', 'vertex6', 'vertex3', 'vertex5', 'vertex4'])"
1351642323.331,steps_avg,"(32.022467814657816, ['vertex2', 'vertex6', 'vertex3', 'vertex5', 'vertex4'])"
1351642323.331,steps_max,"(32.022467814657816, ['vertex2', 'vertex6', 'vertex3', 'vertex5', 'vertex4'])"
1351642323.331,steps_min,"(32.022467814657816, ['vertex2', 'vertex6', 'vertex3', 'vertex5', 'vertex4'])"
1351642323.331,steps_lrtdp,"(32.022467814657816, ['vertex2', 'vertex6', 'vertex3', 'vertex5', 'vertex4'])"
1351648130.394,steps_curr,"(60.82246781465782, ['vertex2', 'vertex6', 'vertex3', 'vertex5', 'vertex4'])"
1351648130.394,steps_avg,"(60.82246781465782, ['vertex2', 'vertex6', 'vertex3', 'vertex5', 'vertex4'])"
1351648130.394,steps_max,"(60.82246781465782, ['vertex2', 'vertex6', 'vertex3', 'vertex5', 'vertex4'])"
1351648130.394,steps_min,"(60.82246781465782, ['vertex2', 'vertex6', 'vertex3', 'vertex5', 'vertex4'])"
1351648130.394,steps_lrtdp,"(52.47230965457061, ['vertex2', 'vertex6', 'vertex2', 'vertex3', 'vertex5', 'vertex4'])"
1351648341.347,steps_curr,"(35.62246781465782, ['vertex2', 'vertex6', 'vertex3', 'vertex5', 'vertex4'])"
1351648341.347,steps_avg,"(35.62246781465782, ['vertex2', 'vertex6', 'vertex3', 'vertex5', 'vertex4'])"
1351648341.347,steps_max,"(35.62246781465782, ['vertex2', 'vertex6', 'vertex3', 'vertex5', 'vertex4'])"
1351648341.347,steps_min,"(35.62246781465782, ['vertex2', 'vertex6', 'vertex3', 'vertex5', 'vertex4'])"
1351648341.347,steps_lrtdp,"(35.62246781465782, ['vertex2', 'vertex6', 'vertex3', 'vertex5', 'vertex4'])"
1351651095.517,steps_curr,"(29.622467814657817, ['vertex2', 'vertex6', 'vertex3', 'vertex5', 'vertex4'])"
1351651095.517,steps_avg,"(29.622467814657817, ['vertex2', 'vertex6', 'vertex3', 'vertex5', 'vertex4'])"
1351651095.517,steps_max,"(29.622467814657817, ['vertex2', 'vertex6', 'vertex3', 'vertex5', 'vertex4'])"
1351651095.517,steps_min,"(29.622467814657817, ['vertex2', 'vertex6', 'vertex3', 'vertex5', 'vertex4'])"
1351651095.517,steps_lrtdp,"(29.622467814657817, ['vertex2', 'vertex6', 'vertex3', 'vertex5', 'vertex4'])"
1351647620.285,steps_curr,"(35.51204932991905, ['vertex2', 'vertex3', 'vertex6', 'vertex5', 'vertex4'])"
1351647620.285,steps_avg,"(36.82246781465781, ['vertex2', 'vertex6', 'vertex3', 'vertex5', 'vertex4'])"
1351647620.285,steps_max,"(36.82246781465781, ['vertex2', 'vertex6', 'vertex3', 'vertex5', 'vertex4'])"
1351647620.285,steps_min,"(36.82246781465781, ['vertex2', 'vertex6', 'vertex3', 'vertex5', 'vertex4'])"
1351647620.285,steps_lrtdp,"(36.696203744538394, ['vertex2', 'vertex6', 'vertex3', 'vertex6', 'vertex5', 'vertex4'])"
1351648250.502,steps_curr,"(39.22246781465782, ['vertex2', 'vertex6', 'vertex3', 'vertex5', 'vertex4'])"
1351648250.502,steps_avg,"(39.22246781465782, ['vertex2', 'vertex6', 'vertex3', 'vertex5', 'vertex4'])"
1351648250.502,steps_max,"(39.22246781465782, ['vertex2', 'vertex6', 'vertex3', 'vertex5', 'vertex4'])"
1351648250.502,steps_min,"(39.22246781465782, ['vertex2', 'vertex6', 'vertex3', 'vertex5', 'vertex4'])"
1351648250.502,steps_lrtdp,"(39.22246781465782, ['vertex2', 'vertex6', 'vertex3', 'vertex5', 'vertex4'])"
1351650803.784,steps_curr,"(34.42246781465782, ['vertex2', 'vertex6', 'vertex3', 'vertex5', 'vertex4'])"
1351650803.784,steps_avg,"(34.42246781465782, ['vertex2', 'vertex6', 'vertex3', 'vertex5', 'vertex4'])"
1351650803.784,steps_max,"(34.42246781465782, ['vertex2', 'vertex6', 'vertex3', 'vertex5', 'vertex4'])"
1351650803.784,steps_min,"(34.42246781465782, ['vertex2', 'vertex6', 'vertex3', 'vertex5', 'vertex4'])"
1351650803.784,steps_lrtdp,"(34.42246781465782, ['vertex2', 'vertex6', 'vertex3', 'vertex5', 'vertex4'])"
1351647890.142,steps_curr,"(26.022467814657816, ['vertex2', 'vertex6', 'vertex3', 'vertex5', 'vertex4'])"
1351647890.142,steps_avg,"(26.022467814657816, ['vertex2', 'vertex6', 'vertex3', 'vertex5', 'vertex4'])"
1351647890.142,steps_max,"(26.022467814657816, ['vertex2', 'vertex6', 'vertex3', 'vertex5', 'vertex4'])"
1351647890.142,steps_min,"(26.022467814657816, ['vertex2', 'vertex6', 'vertex3', 'vertex5', 'vertex4'])"
1351647890.142,steps_lrtdp,"(26.022467814657816, ['vertex2', 'vertex6', 'vertex3', 'vertex5', 'vertex4'])"
1351646465.484,steps_curr,"(27.22246781465782, ['vertex2', 'vertex6', 'vertex3', 'vertex5', 'vertex4'])"
1351646465.484,steps_avg,"(27.22246781465782, ['vertex2', 'vertex6', 'vertex3', 'vertex5', 'vertex4'])"
1351646465.484,steps_max,"(27.22246781465782, ['vertex2', 'vertex6', 'vertex3', 'vertex5', 'vertex4'])"
1351646465.484,steps_min,"(27.22246781465782, ['vertex2', 'vertex6', 'vertex3', 'vertex5', 'vertex4'])"
1351646465.484,steps_lrtdp,"(27.22246781465782, ['vertex2', 'vertex6', 'vertex3', 'vertex5', 'vertex4'])"
1351644609.465,steps_curr,"(26.022467814657816, ['vertex2', 'vertex6', 'vertex3', 'vertex5', 'vertex4'])"
1351644609.465,steps_avg,"(26.022467814657816, ['vertex2', 'vertex6', 'vertex3', 'vertex5', 'vertex4'])"
1351644609.465,steps_max,"(26.022467814657816, ['vertex2', 'vertex6', 'vertex3', 'vertex5', 'vertex4'])"
1351644609.465,steps_min,"(26.022467814657816, ['vertex2', 'vertex6', 'vertex3', 'vertex5', 'vertex4'])"
1351644609.465,steps_lrtdp,"(26.022467814657816, ['vertex2', 'vertex6', 'vertex3', 'vertex5', 'vertex4'])"
1351645262.478,steps_curr,"(28.422467814657814, ['vertex2', 'vertex6', 'vertex3', 'vertex5', 'vertex4'])"
1351645262.478,steps_avg,"(28.422467814657814, ['vertex2', 'vertex6', 'vertex3', 'vertex5', 'vertex4'])"
1351645262.478,steps_max,"(28.422467814657814, ['vertex2', 'vertex6', 'vertex3', 'vertex5', 'vertex4'])"
1351645262.478,steps_min,"(28.422467814657814, ['vertex2', 'vertex6', 'vertex3', 'vertex5', 'vertex4'])"
1351645262.478,steps_lrtdp,"(28.422467814657814, ['vertex2', 'vertex6', 'vertex3', 'vertex5', 'vertex4'])"
1351647438.026,steps_curr,"(42.82246781465781, ['vertex2', 'vertex6', 'vertex3', 'vertex5', 'vertex4'])"
1351647438.026,steps_avg,"(42.82246781465781, ['vertex2', 'vertex6', 'vertex3', 'vertex5', 'vertex4'])"
1351647438.026,steps_max,"(42.82246781465781, ['vertex2', 'vertex6', 'vertex3', 'vertex5', 'vertex4'])"
1351647438.026,steps_min,"(42.82246781465781, ['vertex2', 'vertex6', 'vertex3', 'vertex5', 'vertex4'])"
1351647438.026,steps_lrtdp,"(42.82246781465781, ['vertex2', 'vertex6', 'vertex3', 'vertex5', 'vertex4'])"
1351650538.285,steps_curr,"(44.022467814657816, ['vertex2', 'vertex6', 'vertex3', 'vertex5', 'vertex4'])"
1351650538.285,steps_avg,"(44.022467814657816, ['vertex2', 'vertex6', 'vertex3', 'vertex5', 'vertex4'])"
1351650538.285,steps_max,"(44.022467814657816, ['vertex2', 'vertex6', 'vertex3', 'vertex5', 'vertex4'])"
1351650538.285,steps_min,"(44.022467814657816, ['vertex2', 'vertex6', 'vertex3', 'vertex5', 'vertex4'])"
1351650538.285,steps_lrtdp,"(42.558688610793915, ['vertex2', 'vertex3', 'vertex6', 'vertex3', 'vertex5', 'vertex4'])"
1351651316.591,steps_curr,"(34.312049329919056, ['vertex2', 'vertex3', 'vertex6', 'vertex5', 'vertex4'])"
1351651316.591,steps_avg,"(34.42246781465782, ['vertex2', 'vertex6', 'vertex3', 'vertex5', 'vertex4'])"
1351651316.591,steps_max,"(34.42246781465782, ['vertex2', 'vertex6', 'vertex3', 'vertex5', 'vertex4'])"
1351651316.591,steps_min,"(34.42246781465782, ['vertex2', 'vertex6', 'vertex3', 'vertex5', 'vertex4'])"
1351651316.591,steps_lrtdp,"(32.958688610793914, ['vertex2', 'vertex3', 'vertex6', 'vertex3', 'vertex5', 'vertex4'])"
1351642557.348,steps_curr,"(29.622467814657817, ['vertex2', 'vertex6', 'vertex3', 'vertex5', 'vertex4'])"
1351642557.348,steps_avg,"(29.622467814657817, ['vertex2', 'vertex6', 'vertex3', 'vertex5', 'vertex4'])"
1351642557.348,steps_max,"(29.622467814657817, ['vertex2', 'vertex6', 'vertex3', 'vertex5', 'vertex4'])"
1351642557.348,steps_min,"(29.622467814657817, ['vertex2', 'vertex6', 'vertex3', 'vertex5', 'vertex4'])"
1351642557.348,steps_lrtdp,"(29.622467814657817, ['vertex2', 'vertex6', 'vertex3', 'vertex5', 'vertex4'])"
1351649228.0,steps_curr,"(39.11204932991905, ['vertex2', 'vertex3', 'vertex6', 'vertex5', 'vertex4'])"
1351649228.0,steps_avg,"(36.82246781465781, ['vertex2', 'vertex6', 'vertex3', 'vertex5', 'vertex4'])"
1351649228.0,steps_max,"(36.82246781465781, ['vertex2', 'vertex6', 'vertex3', 'vertex5', 'vertex4'])"
1351649228.0,steps_min,"(36.82246781465781, ['vertex2', 'vertex6', 'vertex3', 'vertex5', 'vertex4'])"
1351649228.0,steps_lrtdp,"(36.82246781465781, ['vertex2', 'vertex6', 'vertex3', 'vertex5', 'vertex4'])"
1351648206.0,steps_curr,"(47.51204932991906, ['vertex2', 'vertex3', 'vertex6', 'vertex5', 'vertex4'])"
1351648206.0,steps_avg,"(39.22246781465782, ['vertex2', 'vertex6', 'vertex3', 'vertex5', 'vertex4'])"
1351648206.0,steps_max,"(39.22246781465782, ['vertex2', 'vertex6', 'vertex3', 'vertex5', 'vertex4'])"
1351648206.0,steps_min,"(39.22246781465782, ['vertex2', 'vertex6', 'vertex3', 'vertex5', 'vertex4'])"
1351648206.0,steps_lrtdp,"(39.22246781465782, ['vertex2', 'vertex6', 'vertex3', 'vertex5', 'vertex4'])"
1351649339.27,steps_curr,"(36.82246781465781, ['vertex2', 'vertex6', 'vertex3', 'vertex5', 'vertex4'])"
1351649339.27,steps_avg,"(36.82246781465781, ['vertex2', 'vertex6', 'vertex3', 'vertex5', 'vertex4'])"
1351649339.27,steps_max,"(36.82246781465781, ['vertex2', 'vertex6', 'vertex3', 'vertex5', 'vertex4'])"
1351649339.27,steps_min,"(36.82246781465781, ['vertex2', 'vertex6', 'vertex3', 'vertex5', 'vertex4'])"
1351649339.27,steps_lrtdp,"(37.75868861079391, ['vertex2', 'vertex3', 'vertex6', 'vertex3', 'vertex5', 'vertex4'])"
1351644262.636,steps_curr,"(41.51204932991905, ['vertex2', 'vertex3', 'vertex6', 'vertex5', 'vertex4'])"
1351644262.636,steps_avg,"(46.42246781465781, ['vertex2', 'vertex6', 'vertex3', 'vertex5', 'vertex4'])"
1351644262.636,steps_max,"(46.42246781465781, ['vertex2', 'vertex6', 'vertex3', 'vertex5', 'vertex4'])"
1351644262.636,steps_min,"(46.42246781465781, ['vertex2', 'vertex6', 'vertex3', 'vertex5', 'vertex4'])"
1351644262.636,steps_lrtdp,"(53.34284302541325, ['vertex2', 'vertex6', 'vertex3', 'vertex6', 'vertex3', 'vertex5', 'vertex4'])"
1351651283.0,steps_curr,"(35.51204932991906, ['vertex2', 'vertex3', 'vertex6', 'vertex5', 'vertex4'])"
1351651283.0,steps_avg,"(33.22246781465781, ['vertex2', 'vertex6', 'vertex3', 'vertex5', 'vertex4'])"
1351651283.0,steps_max,"(33.22246781465781, ['vertex2', 'vertex6', 'vertex3', 'vertex5', 'vertex4'])"
1351651283.0,steps_min,"(33.22246781465781, ['vertex2', 'vertex6', 'vertex3', 'vertex5', 'vertex4'])"
1351651283.0,steps_lrtdp,"(34.29620374453839, ['vertex2', 'vertex6', 'vertex3', 'vertex6', 'vertex5', 'vertex4'])"
1351647122.657,steps_curr,"(40.422467814657814, ['vertex2', 'vertex6', 'vertex3', 'vertex5', 'vertex4'])"
1351647122.657,steps_avg,"(40.422467814657814, ['vertex2', 'vertex6', 'vertex3', 'vertex5', 'vertex4'])"
1351647122.657,steps_max,"(40.422467814657814, ['vertex2', 'vertex6', 'vertex3', 'vertex5', 'vertex4'])"
1351647122.657,steps_min,"(40.422467814657814, ['vertex2', 'vertex6', 'vertex3', 'vertex5', 'vertex4'])"
1351647122.657,steps_lrtdp,"(40.422467814657814, ['vertex2', 'vertex6', 'vertex3', 'vertex5', 'vertex4'])"
1351648873.953,steps_curr,"(34.422467814657814, ['vertex2', 'vertex6', 'vertex3', 'vertex5', 'vertex4'])"
1351648873.953,steps_avg,"(34.422467814657814, ['vertex2', 'vertex6', 'vertex3', 'vertex5', 'vertex4'])"
1351648873.953,steps_max,"(34.422467814657814, ['vertex2', 'vertex6', 'vertex3', 'vertex5', 'vertex4'])"
1351648873.953,steps_min,"(34.422467814657814, ['vertex2', 'vertex6', 'vertex3', 'vertex5', 'vertex4'])"
1351648873.953,steps_lrtdp,"(34.422467814657814, ['vertex2', 'vertex6', 'vertex3', 'vertex5', 'vertex4'])"
1351649665.628,steps_curr,"(41.62246781465782, ['vertex2', 'vertex6', 'vertex3', 'vertex5', 'vertex4'])"
1351649665.628,steps_avg,"(41.62246781465782, ['vertex2', 'vertex6', 'vertex3', 'vertex5', 'vertex4'])"
1351649665.628,steps_max,"(41.62246781465782, ['vertex2', 'vertex6', 'vertex3', 'vertex5', 'vertex4'])"
1351649665.628,steps_min,"(41.62246781465782, ['vertex2', 'vertex6', 'vertex3', 'vertex5', 'vertex4'])"
1351649665.628,steps_lrtdp,"(41.62246781465782, ['vertex2', 'vertex6', 'vertex3', 'vertex5', 'vertex4'])"
1351647575.408,steps_curr,"(51.11204932991906, ['vertex2', 'vertex3', 'vertex6', 'vertex5', 'vertex4'])"
1351647575.408,steps_avg,"(46.42246781465782, ['vertex2', 'vertex6', 'vertex3', 'vertex5', 'vertex4'])"
1351647575.408,steps_max,"(46.42246781465782, ['vertex2', 'vertex6', 'vertex3', 'vertex5', 'vertex4'])"
1351647575.408,steps_min,"(46.42246781465782, ['vertex2', 'vertex6', 'vertex3', 'vertex5', 'vertex4'])"
1351647575.408,steps_lrtdp,"(72.84727067371426, ['vertex2', 'vertex6', 'vertex3', 'vertex6', 'vertex3', 'vertex6', 'vertex3', 'vertex6', 'vertex3', 'vertex6', 'vertex3', 'vertex5', 'vertex3', 'vertex5', 'vertex4'])"
1351645952.929,steps_curr,"(33.11204932991905, ['vertex2', 'vertex3', 'vertex6', 'vertex5', 'vertex4'])"
1351645952.929,steps_avg,"(30.82246781465782, ['vertex2', 'vertex6', 'vertex3', 'vertex5', 'vertex4'])"
1351645952.929,steps_max,"(30.82246781465782, ['vertex2', 'vertex6', 'vertex3', 'vertex5', 'vertex4'])"
1351645952.929,steps_min,"(30.82246781465782, ['vertex2', 'vertex6', 'vertex3', 'vertex5', 'vertex4'])"
1351645952.929,steps_lrtdp,"(30.82246781465782, ['vertex2', 'vertex6', 'vertex3', 'vertex5', 'vertex4'])"
1351643143.38,steps_curr,"(34.422467814657814, ['vertex2', 'vertex6', 'vertex3', 'vertex5', 'vertex4'])"
1351643143.38,steps_avg,"(34.422467814657814, ['vertex2', 'vertex6', 'vertex3', 'vertex5', 'vertex4'])"
1351643143.38,steps_max,"(34.422467814657814, ['vertex2', 'vertex6', 'vertex3', 'vertex5', 'vertex4'])"
1351643143.38,steps_min,"(34.422467814657814, ['vertex2', 'vertex6', 'vertex3', 'vertex5', 'vertex4'])"
1351643143.38,steps_lrtdp,"(34.422467814657814, ['vertex2', 'vertex6', 'vertex3', 'vertex5', 'vertex4'])"
1351647385.087,steps_curr,"(36.82246781465782, ['vertex2', 'vertex6', 'vertex3', 'vertex5', 'vertex4'])"
1351647385.087,steps_avg,"(36.82246781465782, ['vertex2', 'vertex6', 'vertex3', 'vertex5', 'vertex4'])"
1351647385.087,steps_max,"(36.82246781465782, ['vertex2', 'vertex6', 'vertex3', 'vertex5', 'vertex4'])"
1351647385.087,steps_min,"(36.82246781465782, ['vertex2', 'vertex6', 'vertex3', 'vertex5', 'vertex4'])"
1351647385.087,steps_lrtdp,"(36.82246781465782, ['vertex2', 'vertex6', 'vertex3', 'vertex5', 'vertex4'])"
1351643288.55,steps_curr,"(26.022467814657816, ['vertex2', 'vertex6', 'vertex3', 'vertex5', 'vertex4'])"
1351643288.55,steps_avg,"(26.022467814657816, ['vertex2', 'vertex6', 'vertex3', 'vertex5', 'vertex4'])"
1351643288.55,steps_max,"(26.022467814657816, ['vertex2', 'vertex6', 'vertex3', 'vertex5', 'vertex4'])"
1351643288.55,steps_min,"(26.022467814657816, ['vertex2', 'vertex6', 'vertex3', 'vertex5', 'vertex4'])"
1351643288.55,steps_lrtdp,"(26.022467814657816, ['vertex2', 'vertex6', 'vertex3', 'vertex5', 'vertex4'])"
1351647047.0,steps_curr,"(33.22246781465782, ['vertex2', 'vertex6', 'vertex3', 'vertex5', 'vertex4'])"
1351647047.0,steps_avg,"(33.22246781465782, ['vertex2', 'vertex6', 'vertex3', 'vertex5', 'vertex4'])"
1351647047.0,steps_max,"(33.22246781465782, ['vertex2', 'vertex6', 'vertex3', 'vertex5', 'vertex4'])"
1351647047.0,steps_min,"(33.22246781465782, ['vertex2', 'vertex6', 'vertex3', 'vertex5', 'vertex4'])"
1351647047.0,steps_lrtdp,"(35.34284302541325, ['vertex2', 'vertex6', 'vertex3', 'vertex6', 'vertex3', 'vertex5', 'vertex4'])"
1351643063.064,steps_curr,"(33.22246781465782, ['vertex2', 'vertex6', 'vertex3', 'vertex5', 'vertex4'])"
1351643063.064,steps_avg,"(33.22246781465782, ['vertex2', 'vertex6', 'vertex3', 'vertex5', 'vertex4'])"
1351643063.064,steps_max,"(33.22246781465782, ['vertex2', 'vertex6', 'vertex3', 'vertex5', 'vertex4'])"
1351643063.064,steps_min,"(33.22246781465782, ['vertex2', 'vertex6', 'vertex3', 'vertex5', 'vertex4'])"
1351643063.064,steps_lrtdp,"(31.896203744538397, ['vertex2', 'vertex6', 'vertex3', 'vertex6', 'vertex5', 'vertex4'])"
