1351651349.547,steps_curr,"(35.32954406663557, ['vertex2', 'vertex6', 'vertex3', 'vertex5', 'vertex4'])",0:00:00.649499
1351651349.547,steps_avg,"(35.32954406663557, ['vertex2', 'vertex6', 'vertex3', 'vertex5', 'vertex4'])",0:00:00.546580
1351651349.547,steps_max,"(35.32954406663557, ['vertex2', 'vertex6', 'vertex3', 'vertex5', 'vertex4'])",0:00:00.544920
1351651349.547,steps_min,"(35.32954406663557, ['vertex2', 'vertex6', 'vertex3', 'vertex5', 'vertex4'])",0:00:00.543601
1351651349.547,steps_lrtdp,"(31.25865622785571, ['vertex2', 'vertex3', 'vertex6', 'vertex5', 'vertex4'])",0:05:20.317138
1351647527.338,steps_curr,"(40.12954406663558, ['vertex2', 'vertex6', 'vertex3', 'vertex5', 'vertex4'])",0:00:00.366000
1351647527.338,steps_avg,"(40.12954406663558, ['vertex2', 'vertex6', 'vertex3', 'vertex5', 'vertex4'])",0:00:00.307154
1351647527.338,steps_max,"(40.12954406663558, ['vertex2', 'vertex6', 'vertex3', 'vertex5', 'vertex4'])",0:00:00.305506
1351647527.338,steps_min,"(40.12954406663558, ['vertex2', 'vertex6', 'vertex3', 'vertex5', 'vertex4'])",0:00:00.305289
1351647527.338,steps_lrtdp,"(38.425405228614544, ['vertex2', 'vertex3', 'vertex6', 'vertex3', 'vertex5', 'vertex4'])",0:03:35.712235
1351650999.49,steps_curr,"(55.729544066635576, ['vertex2', 'vertex6', 'vertex3', 'vertex5', 'vertex4'])",0:00:00.475334
1351650999.49,steps_avg,"(55.729544066635576, ['vertex2', 'vertex6', 'vertex3', 'vertex5', 'vertex4'])",0:00:00.416889
1351650999.49,steps_max,"(55.729544066635576, ['vertex2', 'vertex6', 'vertex3', 'vertex5', 'vertex4'])",0:00:00.416078
1351650999.49,steps_min,"(55.729544066635576, ['vertex2', 'vertex6', 'vertex3', 'vertex5', 'vertex4'])",0:00:00.414757
1351650999.49,steps_lrtdp,"(42.60034423751916, ['vertex2', 'vertex6', 'vertex3', 'vertex6', 'vertex5', 'vertex4'])",0:04:51.044407
1351646766.203,steps_curr,"(54.52954406663557, ['vertex2', 'vertex6', 'vertex3', 'vertex5', 'vertex4'])",0:00:00.321364
1351646766.203,steps_avg,"(54.52954406663557, ['vertex2', 'vertex6', 'vertex3', 'vertex5', 'vertex4'])",0:00:00.265280
1351646766.203,steps_max,"(54.52954406663557, ['vertex2', 'vertex6', 'vertex3', 'vertex5', 'vertex4'])",0:00:00.264633
1351646766.203,steps_min,"(54.52954406663557, ['vertex2', 'vertex6', 'vertex3', 'vertex5', 'vertex4'])",0:00:00.265343
1351646766.203,steps_lrtdp,"(52.674758380296716, ['vertex2', 'vertex6', 'vertex3', 'vertex5', 'vertex3', 'vertex4'])",0:03:36.672432
1351647047.0,steps_curr,"(45.65865622785571, ['vertex2', 'vertex3', 'vertex6', 'vertex5', 'vertex4'])",0:00:00.263472
1351647047.0,steps_avg,"(31.729544066635576, ['vertex2', 'vertex6', 'vertex3', 'vertex5', 'vertex4'])",0:00:00.228016
1351647047.0,steps_max,"(31.729544066635576, ['vertex2', 'vertex6', 'vertex3', 'vertex5', 'vertex4'])",0:00:00.225219
1351647047.0,steps_min,"(31.729544066635576, ['vertex2', 'vertex6', 'vertex3', 'vertex5', 'vertex4'])",0:00:00.230957
1351647047.0,steps_lrtdp,"(31.729544066635576, ['vertex2', 'vertex6', 'vertex3', 'vertex5', 'vertex4'])",0:03:05.748183
1351648463.573,steps_curr,"(41.32954406663558, ['vertex2', 'vertex6', 'vertex3', 'vertex5', 'vertex4'])",0:00:00.270699
1351648463.573,steps_avg,"(41.32954406663558, ['vertex2', 'vertex6', 'vertex3', 'vertex5', 'vertex4'])",0:00:00.227036
1351648463.573,steps_max,"(41.32954406663558, ['vertex2', 'vertex6', 'vertex3', 'vertex5', 'vertex4'])",0:00:00.227528
1351648463.573,steps_min,"(41.32954406663558, ['vertex2', 'vertex6', 'vertex3', 'vertex5', 'vertex4'])",0:00:00.226423
1351648463.573,steps_lrtdp,"(40.20034423751916, ['vertex2', 'vertex6', 'vertex3', 'vertex6', 'vertex5', 'vertex4'])",0:02:47.131376
1351646024.421,steps_curr,"(34.129544066635574, ['vertex2', 'vertex6', 'vertex3', 'vertex5', 'vertex4'])",0:00:00.223213
1351646024.421,steps_avg,"(34.129544066635574, ['vertex2', 'vertex6', 'vertex3', 'vertex5', 'vertex4'])",0:00:00.188455
1351646024.421,steps_max,"(34.129544066635574, ['vertex2', 'vertex6', 'vertex3', 'vertex5', 'vertex4'])",0:00:00.188723
1351646024.421,steps_min,"(34.129544066635574, ['vertex2', 'vertex6', 'vertex3', 'vertex5', 'vertex4'])",0:00:00.187294
1351646024.421,steps_lrtdp,"(42.637893409161585, ['vertex2', 'vertex6', 'vertex3', 'vertex6', 'vertex3', 'vertex6', 'vertex5', 'vertex4'])",0:03:21.008868
1351648569.311,steps_curr,"(48.52954406663557, ['vertex2', 'vertex6', 'vertex3', 'vertex5', 'vertex4'])",0:00:00.274747
1351648569.311,steps_avg,"(48.52954406663557, ['vertex2', 'vertex6', 'vertex3', 'vertex5', 'vertex4'])",0:00:00.223943
1351648569.311,steps_max,"(48.52954406663557, ['vertex2', 'vertex6', 'vertex3', 'vertex5', 'vertex4'])",0:00:00.222727
1351648569.311,steps_min,"(48.52954406663557, ['vertex2', 'vertex6', 'vertex3', 'vertex5', 'vertex4'])",0:00:00.222802
1351648569.311,steps_lrtdp,"(49.767093238277994, ['vertex2', 'vertex6', 'vertex3', 'vertex6', 'vertex3', 'vertex5', 'vertex4'])",0:03:11.417450
1351646175.766,steps_curr,"(43.25865622785571, ['vertex2', 'vertex3', 'vertex6', 'vertex5', 'vertex4'])",0:00:00.285995
1351646175.766,steps_avg,"(34.129544066635574, ['vertex2', 'vertex6', 'vertex3', 'vertex5', 'vertex4'])",0:00:00.252501
1351646175.766,steps_max,"(34.129544066635574, ['vertex2', 'vertex6', 'vertex3', 'vertex5', 'vertex4'])",0:00:00.252906
1351646175.766,steps_min,"(34.129544066635574, ['vertex2', 'vertex6', 'vertex3', 'vertex5', 'vertex4'])",0:00:00.252726
1351646175.766,steps_lrtdp,"(34.129544066635574, ['vertex2', 'vertex6', 'vertex3', 'vertex5', 'vertex4'])",0:03:18.171388
1351644262.636,steps_curr,"(49.729544066635576, ['vertex2', 'vertex6', 'vertex3', 'vertex5', 'vertex4'])",0:00:00.284146
1351644262.636,steps_avg,"(49.729544066635576, ['vertex2', 'vertex6', 'vertex3', 'vertex5', 'vertex4'])",0:00:00.228873
1351644262.636,steps_max,"(49.729544066635576, ['vertex2', 'vertex6', 'vertex3', 'vertex5', 'vertex4'])",0:00:00.228883
1351644262.636,steps_min,"(49.729544066635576, ['vertex2', 'vertex6', 'vertex3', 'vertex5', 'vertex4'])",0:00:00.229649
1351644262.636,steps_lrtdp,"(40.708976100190455, ['vertex2', 'vertex1', 'vertex6', 'vertex3', 'vertex5', 'vertex4'])",0:03:47.373145
1351643495.253,steps_curr,"(34.85865622785571, ['vertex2', 'vertex3', 'vertex6', 'vertex5', 'vertex4'])",0:00:00.310202
1351643495.253,steps_avg,"(34.129544066635574, ['vertex2', 'vertex6', 'vertex3', 'vertex5', 'vertex4'])",0:00:00.254796
1351643495.253,steps_max,"(34.129544066635574, ['vertex2', 'vertex6', 'vertex3', 'vertex5', 'vertex4'])",0:00:00.256395
1351643495.253,steps_min,"(34.129544066635574, ['vertex2', 'vertex6', 'vertex3', 'vertex5', 'vertex4'])",0:00:00.253567
1351643495.253,steps_lrtdp,"(34.82540522861454, ['vertex2', 'vertex3', 'vertex6', 'vertex3', 'vertex5', 'vertex4'])",0:03:38.365997
1351648943.591,steps_curr,"(33.658656227855715, ['vertex2', 'vertex3', 'vertex6', 'vertex5', 'vertex4'])",0:00:00.242196
1351648943.591,steps_avg,"(35.32954406663558, ['vertex2', 'vertex6', 'vertex3', 'vertex5', 'vertex4'])",0:00:00.201075
1351648943.591,steps_max,"(35.32954406663558, ['vertex2', 'vertex6', 'vertex3', 'vertex5', 'vertex4'])",0:00:00.200478
1351648943.591,steps_min,"(35.32954406663558, ['vertex2', 'vertex6', 'vertex3', 'vertex5', 'vertex4'])",0:00:00.201411
1351648943.591,steps_lrtdp,"(35.32954406663558, ['vertex2', 'vertex6', 'vertex3', 'vertex5', 'vertex4'])",0:02:25.785445
1351650423.0,steps_curr,"(52.858656227855704, ['vertex2', 'vertex3', 'vertex6', 'vertex5', 'vertex4'])",0:00:00.437006
1351650423.0,steps_avg,"(49.729544066635576, ['vertex2', 'vertex6', 'vertex3', 'vertex5', 'vertex4'])",0:00:00.374512
1351650423.0,steps_max,"(49.729544066635576, ['vertex2', 'vertex6', 'vertex3', 'vertex5', 'vertex4'])",0:00:00.376206
1351650423.0,steps_min,"(49.729544066635576, ['vertex2', 'vertex6', 'vertex3', 'vertex5', 'vertex4'])",0:00:00.379841
1351650423.0,steps_lrtdp,"(57.86864353271936, ['vertex2', 'vertex6', 'vertex3', 'vertex5', 'vertex3', 'vertex6', 'vertex3', 'vertex5', 'vertex4'])",0:05:55.840818
1351647935.174,steps_curr,"(35.32954406663557, ['vertex2', 'vertex6', 'vertex3', 'vertex5', 'vertex4'])",0:00:00.354262
1351647935.174,steps_avg,"(35.32954406663557, ['vertex2', 'vertex6', 'vertex3', 'vertex5', 'vertex4'])",0:00:00.284550
1351647935.174,steps_max,"(35.32954406663557, ['vertex2', 'vertex6', 'vertex3', 'vertex5', 'vertex4'])",0:00:00.283192
1351647935.174,steps_min,"(35.32954406663557, ['vertex2', 'vertex6', 'vertex3', 'vertex5', 'vertex4'])",0:00:00.288418
1351647935.174,steps_lrtdp,"(34.85865622785571, ['vertex2', 'vertex3', 'vertex6', 'vertex5', 'vertex4'])",0:04:18.666137
1351644186.617,steps_curr,"(38.92954406663558, ['vertex2', 'vertex6', 'vertex3', 'vertex5', 'vertex4'])",0:00:00.188954
1351644186.617,steps_avg,"(38.92954406663558, ['vertex2', 'vertex6', 'vertex3', 'vertex5', 'vertex4'])",0:00:00.159565
1351644186.617,steps_max,"(38.92954406663558, ['vertex2', 'vertex6', 'vertex3', 'vertex5', 'vertex4'])",0:00:00.158111
1351644186.617,steps_min,"(38.92954406663558, ['vertex2', 'vertex6', 'vertex3', 'vertex5', 'vertex4'])",0:00:00.157950
1351644186.617,steps_lrtdp,"(38.92954406663558, ['vertex2', 'vertex6', 'vertex3', 'vertex5', 'vertex4'])",0:01:17.929705
1351645749.881,steps_curr,"(31.729544066635576, ['vertex2', 'vertex6', 'vertex3', 'vertex5', 'vertex4'])",0:00:00.097550
1351645749.881,steps_avg,"(31.729544066635576, ['vertex2', 'vertex6', 'vertex3', 'vertex5', 'vertex4'])",0:00:00.080378
1351645749.881,steps_max,"(31.729544066635576, ['vertex2', 'vertex6', 'vertex3', 'vertex5', 'vertex4'])",0:00:00.080491
1351645749.881,steps_min,"(31.729544066635576, ['vertex2', 'vertex6', 'vertex3', 'vertex5', 'vertex4'])",0:00:00.080487
1351645749.881,steps_lrtdp,"(31.729544066635576, ['vertex2', 'vertex6', 'vertex3', 'vertex5', 'vertex4'])",0:00:49.860866
1351651158.674,steps_curr,"(42.05865622785571, ['vertex2', 'vertex3', 'vertex6', 'vertex5', 'vertex4'])",0:00:00.549081
1351651158.674,steps_avg,"(47.32954406663558, ['vertex2', 'vertex6', 'vertex3', 'vertex5', 'vertex4'])",0:00:00.440451
1351651158.674,steps_max,"(47.32954406663558, ['vertex2', 'vertex6', 'vertex3', 'vertex5', 'vertex4'])",0:00:00.431493
1351651158.674,steps_min,"(47.32954406663558, ['vertex2', 'vertex6', 'vertex3', 'vertex5', 'vertex4'])",0:00:00.430065
1351651158.674,steps_lrtdp,"(42.05865622785571, ['vertex2', 'vertex3', 'vertex6', 'vertex5', 'vertex4'])",0:05:25.800042
1351649955.723,steps_curr,"(37.729544066635576, ['vertex2', 'vertex6', 'vertex3', 'vertex5', 'vertex4'])",0:00:00.341290
1351649955.723,steps_avg,"(37.729544066635576, ['vertex2', 'vertex6', 'vertex3', 'vertex5', 'vertex4'])",0:00:00.280054
1351649955.723,steps_max,"(37.729544066635576, ['vertex2', 'vertex6', 'vertex3', 'vertex5', 'vertex4'])",0:00:00.279712
1351649955.723,steps_min,"(37.729544066635576, ['vertex2', 'vertex6', 'vertex3', 'vertex5', 'vertex4'])",0:00:00.278887
1351649955.723,steps_lrtdp,"(37.729544066635576, ['vertex2', 'vertex6', 'vertex3', 'vertex5', 'vertex4'])",0:03:33.872501
1351648517.098,steps_curr,"(29.329544066635577, ['vertex2', 'vertex6', 'vertex3', 'vertex5', 'vertex4'])",0:00:00.436963
1351648517.098,steps_avg,"(29.329544066635577, ['vertex2', 'vertex6', 'vertex3', 'vertex5', 'vertex4'])",0:00:00.341407
1351648517.098,steps_max,"(29.329544066635577, ['vertex2', 'vertex6', 'vertex3', 'vertex5', 'vertex4'])",0:00:00.340286
1351648517.098,steps_min,"(29.329544066635577, ['vertex2', 'vertex6', 'vertex3', 'vertex5', 'vertex4'])",0:00:00.340771
1351648517.098,steps_lrtdp,"(29.329544066635577, ['vertex2', 'vertex6', 'vertex3', 'vertex5', 'vertex4'])",0:04:28.731051
1351649339.27,steps_curr,"(46.12954406663558, ['vertex2', 'vertex6', 'vertex3', 'vertex5', 'vertex4'])",0:00:00.341063
1351649339.27,steps_avg,"(46.12954406663558, ['vertex2', 'vertex6', 'vertex3', 'vertex5', 'vertex4'])",0:00:00.284904
1351649339.27,steps_max,"(46.12954406663558, ['vertex2', 'vertex6', 'vertex3', 'vertex5', 'vertex4'])",0:00:00.288737
1351649339.27,steps_min,"(46.12954406663558, ['vertex2', 'vertex6', 'vertex3', 'vertex5', 'vertex4'])",0:00:00.287282
1351649339.27,steps_lrtdp,"(40.858656227855704, ['vertex2', 'vertex3', 'vertex6', 'vertex5', 'vertex4'])",0:02:51.477857
1351647770.436,steps_curr,"(63.658656227855715, ['vertex2', 'vertex3', 'vertex6', 'vertex5', 'vertex4'])",0:00:00.471237
1351647770.436,steps_avg,"(42.52954406663557, ['vertex2', 'vertex6', 'vertex3', 'vertex5', 'vertex4'])",0:00:00.388187
1351647770.436,steps_max,"(42.52954406663557, ['vertex2', 'vertex6', 'vertex3', 'vertex5', 'vertex4'])",0:00:00.389278
1351647770.436,steps_min,"(42.52954406663557, ['vertex2', 'vertex6', 'vertex3', 'vertex5', 'vertex4'])",0:00:00.390448
1351647770.436,steps_lrtdp,"(42.52954406663557, ['vertex2', 'vertex6', 'vertex3', 'vertex5', 'vertex4'])",0:05:15.373810
1351647808.246,steps_curr,"(38.45865622785571, ['vertex2', 'vertex3', 'vertex6', 'vertex5', 'vertex4'])",0:00:00.472928
1351647808.246,steps_avg,"(35.32954406663558, ['vertex2', 'vertex6', 'vertex3', 'vertex5', 'vertex4'])",0:00:00.401630
1351647808.246,steps_max,"(35.32954406663558, ['vertex2', 'vertex6', 'vertex3', 'vertex5', 'vertex4'])",0:00:00.401585
1351647808.246,steps_min,"(35.32954406663558, ['vertex2', 'vertex6', 'vertex3', 'vertex5', 'vertex4'])",0:00:00.401516
1351647808.246,steps_lrtdp,"(35.32954406663558, ['vertex2', 'vertex6', 'vertex3', 'vertex5', 'vertex4'])",0:05:26.472597
1351646115.197,steps_curr,"(45.65865622785571, ['vertex2', 'vertex3', 'vertex6', 'vertex5', 'vertex4'])",0:00:00.277300
1351646115.197,steps_avg,"(50.92954406663558, ['vertex2', 'vertex6', 'vertex3', 'vertex5', 'vertex4'])",0:00:00.223358
1351646115.197,steps_max,"(50.92954406663558, ['vertex2', 'vertex6', 'vertex3', 'vertex5', 'vertex4'])",0:00:00.222647
1351646115.197,steps_min,"(50.92954406663558, ['vertex2', 'vertex6', 'vertex3', 'vertex5', 'vertex4'])",0:00:00.223999
1351646115.197,steps_lrtdp,"(50.92954406663558, ['vertex2', 'vertex6', 'vertex3', 'vertex5', 'vertex4'])",0:02:26.151766
1351651058.863,steps_curr,"(30.529544066635577, ['vertex2', 'vertex6', 'vertex3', 'vertex5', 'vertex4'])",0:00:00.602556
1351651058.863,steps_avg,"(30.529544066635577, ['vertex2', 'vertex6', 'vertex3', 'vertex5', 'vertex4'])",0:00:00.496864
1351651058.863,steps_max,"(30.529544066635577, ['vertex2', 'vertex6', 'vertex3', 'vertex5', 'vertex4'])",0:00:00.501207
1351651058.863,steps_min,"(30.529544066635577, ['vertex2', 'vertex6', 'vertex3', 'vertex5', 'vertex4'])",0:00:00.501821
1351651058.863,steps_lrtdp,"(30.529544066635577, ['vertex2', 'vertex6', 'vertex3', 'vertex5', 'vertex4'])",0:04:55.758325
1351644080.68,steps_curr,"(32.45865622785571, ['vertex2', 'vertex3', 'vertex6', 'vertex5', 'vertex4'])",0:00:00.115240
1351644080.68,steps_avg,"(30.529544066635573, ['vertex2', 'vertex6', 'vertex3', 'vertex5', 'vertex4'])",0:00:00.092506
1351644080.68,steps_max,"(30.529544066635573, ['vertex2', 'vertex6', 'vertex3', 'vertex5', 'vertex4'])",0:00:00.091965
1351644080.68,steps_min,"(30.529544066635573, ['vertex2', 'vertex6', 'vertex3', 'vertex5', 'vertex4'])",0:00:00.090275
1351644080.68,steps_lrtdp,"(30.529544066635573, ['vertex2', 'vertex6', 'vertex3', 'vertex5', 'vertex4'])",0:00:56.777952
1351647475.0,steps_curr,"(50.92954406663557, ['vertex2', 'vertex6', 'vertex3', 'vertex5', 'vertex4'])",0:00:00.389706
1351647475.0,steps_avg,"(50.92954406663557, ['vertex2', 'vertex6', 'vertex3', 'vertex5', 'vertex4'])",0:00:00.308718
1351647475.0,steps_max,"(50.92954406663557, ['vertex2', 'vertex6', 'vertex3', 'vertex5', 'vertex4'])",0:00:00.308021
1351647475.0,steps_min,"(50.92954406663557, ['vertex2', 'vertex6', 'vertex3', 'vertex5', 'vertex4'])",0:00:00.308357
1351647475.0,steps_lrtdp,"(40.85865622785571, ['vertex2', 'vertex3', 'vertex6', 'vertex5', 'vertex4'])",0:03:33.672077
1351644411.427,steps_curr,"(37.25865622785571, ['vertex2', 'vertex3', 'vertex6', 'vertex5', 'vertex4'])",0:00:00.262600
1351644411.427,steps_avg,"(34.129544066635574, ['vertex2', 'vertex6', 'vertex3', 'vertex5', 'vertex4'])",0:00:00.209827
1351644411.427,steps_max,"(34.129544066635574, ['vertex2', 'vertex6', 'vertex3', 'vertex5', 'vertex4'])",0:00:00.212058
1351644411.427,steps_min,"(34.129544066635574, ['vertex2', 'vertex6', 'vertex3', 'vertex5', 'vertex4'])",0:00:00.211807
1351644411.427,steps_lrtdp,"(34.129544066635574, ['vertex2', 'vertex6', 'vertex3', 'vertex5', 'vertex4'])",0:02:03.287156
1351650423.271,steps_curr,"(54.52954406663558, ['vertex2', 'vertex6', 'vertex3', 'vertex5', 'vertex4'])",0:00:00.467166
1351650423.271,steps_avg,"(54.52954406663558, ['vertex2', 'vertex6', 'vertex3', 'vertex5', 'vertex4'])",0:00:00.394256
1351650423.271,steps_max,"(54.52954406663558, ['vertex2', 'vertex6', 'vertex3', 'vertex5', 'vertex4'])",0:00:00.392879
1351650423.271,steps_min,"(54.52954406663558, ['vertex2', 'vertex6', 'vertex3', 'vertex5', 'vertex4'])",0:00:00.392522
1351650423.271,steps_lrtdp,"(80.06637755775895, ['vertex2', 'vertex6', 'vertex3', 'vertex5', 'vertex3', 'vertex6', 'vertex2', 'vertex3', 'vertex6', 'vertex5', 'vertex4'])",0:07:33.920394
1351645952.929,steps_curr,"(32.45865622785571, ['vertex2', 'vertex3', 'vertex6', 'vertex5', 'vertex4'])",0:00:00.281634
1351645952.929,steps_avg,"(32.92954406663558, ['vertex2', 'vertex6', 'vertex3', 'vertex5', 'vertex4'])",0:00:00.229901
1351645952.929,steps_max,"(32.92954406663558, ['vertex2', 'vertex6', 'vertex3', 'vertex5', 'vertex4'])",0:00:00.231541
1351645952.929,steps_min,"(32.92954406663558, ['vertex2', 'vertex6', 'vertex3', 'vertex5', 'vertex4'])",0:00:00.229539
1351645952.929,steps_lrtdp,"(32.92954406663558, ['vertex2', 'vertex6', 'vertex3', 'vertex5', 'vertex4'])",0:02:17.046670
1351649169.963,steps_curr,"(39.658656227855715, ['vertex2', 'vertex3', 'vertex6', 'vertex5', 'vertex4'])",0:00:00.266495
1351649169.963,steps_avg,"(53.32954406663558, ['vertex2', 'vertex6', 'vertex3', 'vertex5', 'vertex4'])",0:00:00.223044
1351649169.963,steps_max,"(53.32954406663558, ['vertex2', 'vertex6', 'vertex3', 'vertex5', 'vertex4'])",0:00:00.223170
1351649169.963,steps_min,"(53.32954406663558, ['vertex2', 'vertex6', 'vertex3', 'vertex5', 'vertex4'])",0:00:00.222229
1351649169.963,steps_lrtdp,"(36.60034423751916, ['vertex2', 'vertex6', 'vertex3', 'vertex6', 'vertex5', 'vertex4'])",0:02:49.119970
1351651036.338,steps_curr,"(36.058656227855714, ['vertex2', 'vertex3', 'vertex6', 'vertex5', 'vertex4'])",0:00:00.573226
1351651036.338,steps_avg,"(34.129544066635574, ['vertex2', 'vertex6', 'vertex3', 'vertex5', 'vertex4'])",0:00:00.487480
1351651036.338,steps_max,"(34.129544066635574, ['vertex2', 'vertex6', 'vertex3', 'vertex5', 'vertex4'])",0:00:00.487861
1351651036.338,steps_min,"(34.129544066635574, ['vertex2', 'vertex6', 'vertex3', 'vertex5', 'vertex4'])",0:00:00.487030
1351651036.338,steps_lrtdp,"(34.129544066635574, ['vertex2', 'vertex6', 'vertex3', 'vertex5', 'vertex4'])",0:05:22.898527
1351650538.285,steps_curr,"(52.129544066635574, ['vertex2', 'vertex6', 'vertex3', 'vertex5', 'vertex4'])",0:00:00.415896
1351650538.285,steps_avg,"(52.129544066635574, ['vertex2', 'vertex6', 'vertex3', 'vertex5', 'vertex4'])",0:00:00.334990
1351650538.285,steps_max,"(52.129544066635574, ['vertex2', 'vertex6', 'vertex3', 'vertex5', 'vertex4'])",0:00:00.335664
1351650538.285,steps_min,"(52.129544066635574, ['vertex2', 'vertex6', 'vertex3', 'vertex5', 'vertex4'])",0:00:00.332979
1351650538.285,steps_lrtdp,"(51.658656227855715, ['vertex2', 'vertex3', 'vertex6', 'vertex5', 'vertex4'])",0:03:55.063235
1351648873.953,steps_curr,"(42.05865622785571, ['vertex2', 'vertex3', 'vertex6', 'vertex5', 'vertex4'])",0:00:00.283861
1351648873.953,steps_avg,"(34.129544066635574, ['vertex2', 'vertex6', 'vertex3', 'vertex5', 'vertex4'])",0:00:00.206817
1351648873.953,steps_max,"(34.129544066635574, ['vertex2', 'vertex6', 'vertex3', 'vertex5', 'vertex4'])",0:00:00.208011
1351648873.953,steps_min,"(34.129544066635574, ['vertex2', 'vertex6', 'vertex3', 'vertex5', 'vertex4'])",0:00:00.208081
1351648873.953,steps_lrtdp,"(34.129544066635574, ['vertex2', 'vertex6', 'vertex3', 'vertex5', 'vertex4'])",0:03:09.336252
1351643664.117,steps_curr,"(40.85865622785571, ['vertex2', 'vertex3', 'vertex6', 'vertex5', 'vertex4'])",0:00:00.263951
1351643664.117,steps_avg,"(36.52954406663557, ['vertex2', 'vertex6', 'vertex3', 'vertex5', 'vertex4'])",0:00:00.213526
1351643664.117,steps_max,"(36.52954406663557, ['vertex2', 'vertex6', 'vertex3', 'vertex5', 'vertex4'])",0:00:00.216407
1351643664.117,steps_min,"(36.52954406663557, ['vertex2', 'vertex6', 'vertex3', 'vertex5', 'vertex4'])",0:00:00.216870
1351643664.117,steps_lrtdp,"(36.52954406663557, ['vertex2', 'vertex6', 'vertex3', 'vertex5', 'vertex4'])",0:02:31.603897
1351648641.592,steps_curr,"(38.92954406663558, ['vertex2', 'vertex6', 'vertex3', 'vertex5', 'vertex4'])",0:00:00.232667
1351648641.592,steps_avg,"(38.92954406663558, ['vertex2', 'vertex6', 'vertex3', 'vertex5', 'vertex4'])",0:00:00.189672
1351648641.592,steps_max,"(38.92954406663558, ['vertex2', 'vertex6', 'vertex3', 'vertex5', 'vertex4'])",0:00:00.190281
1351648641.592,steps_min,"(38.92954406663558, ['vertex2', 'vertex6', 'vertex3', 'vertex5', 'vertex4'])",0:00:00.189541
1351648641.592,steps_lrtdp,"(39.000344237519165, ['vertex2', 'vertex6', 'vertex3', 'vertex6', 'vertex5', 'vertex4'])",0:02:28.873572
1351642058.707,steps_curr,"(50.92954406663558, ['vertex2', 'vertex6', 'vertex3', 'vertex5', 'vertex4'])",0:00:00.134582
1351642058.707,steps_avg,"(50.92954406663558, ['vertex2', 'vertex6', 'vertex3', 'vertex5', 'vertex4'])",0:00:00.119480
1351642058.707,steps_max,"(50.92954406663558, ['vertex2', 'vertex6', 'vertex3', 'vertex5', 'vertex4'])",0:00:00.119301
1351642058.707,steps_min,"(50.92954406663558, ['vertex2', 'vertex6', 'vertex3', 'vertex5', 'vertex4'])",0:00:00.119504
1351642058.707,steps_lrtdp,"(39.000344237519165, ['vertex2', 'vertex6', 'vertex3', 'vertex6', 'vertex5', 'vertex4'])",0:01:17.655804
1351651158.0,steps_curr,"(45.658656227855715, ['vertex2', 'vertex3', 'vertex6', 'vertex5', 'vertex4'])",0:00:00.566864
1351651158.0,steps_avg,"(49.729544066635576, ['vertex2', 'vertex6', 'vertex3', 'vertex5', 'vertex4'])",0:00:00.459232
1351651158.0,steps_max,"(49.729544066635576, ['vertex2', 'vertex6', 'vertex3', 'vertex5', 'vertex4'])",0:00:00.460871
1351651158.0,steps_min,"(49.729544066635576, ['vertex2', 'vertex6', 'vertex3', 'vertex5', 'vertex4'])",0:00:00.460064
1351651158.0,steps_lrtdp,"(49.729544066635576, ['vertex2', 'vertex6', 'vertex3', 'vertex5', 'vertex4'])",0:05:38.421016
1351643063.064,steps_curr,"(36.52954406663558, ['vertex2', 'vertex6', 'vertex3', 'vertex5', 'vertex4'])",0:00:00.195370
1351643063.064,steps_avg,"(36.52954406663558, ['vertex2', 'vertex6', 'vertex3', 'vertex5', 'vertex4'])",0:00:00.171404
1351643063.064,steps_max,"(36.52954406663558, ['vertex2', 'vertex6', 'vertex3', 'vertex5', 'vertex4'])",0:00:00.171252
1351643063.064,steps_min,"(36.52954406663558, ['vertex2', 'vertex6', 'vertex3', 'vertex5', 'vertex4'])",0:00:00.171491
1351643063.064,steps_lrtdp,"(35.400344237519164, ['vertex2', 'vertex6', 'vertex3', 'vertex6', 'vertex5', 'vertex4'])",0:02:04.951823
1351647438.026,steps_curr,"(45.65865622785571, ['vertex2', 'vertex3', 'vertex6', 'vertex5', 'vertex4'])",0:00:00.471394
1351647438.026,steps_avg,"(42.52954406663557, ['vertex2', 'vertex6', 'vertex3', 'vertex5', 'vertex4'])",0:00:00.390536
1351647438.026,steps_max,"(42.52954406663557, ['vertex2', 'vertex6', 'vertex3', 'vertex5', 'vertex4'])",0:00:00.392125
1351647438.026,steps_min,"(42.52954406663557, ['vertex2', 'vertex6', 'vertex3', 'vertex5', 'vertex4'])",0:00:00.389390
1351647438.026,steps_lrtdp,"(41.400344237519164, ['vertex2', 'vertex6', 'vertex3', 'vertex6', 'vertex5', 'vertex4'])",0:04:29.110028
1351651316.591,steps_curr,"(34.129544066635574, ['vertex2', 'vertex6', 'vertex3', 'vertex5', 'vertex4'])",0:00:00.559375
1351651316.591,steps_avg,"(34.129544066635574, ['vertex2', 'vertex6', 'vertex3', 'vertex5', 'vertex4'])",0:00:00.460720
1351651316.591,steps_max,"(34.129544066635574, ['vertex2', 'vertex6', 'vertex3', 'vertex5', 'vertex4'])",0:00:00.457674
1351651316.591,steps_min,"(34.129544066635574, ['vertex2', 'vertex6', 'vertex3', 'vertex5', 'vertex4'])",0:00:00.460677
1351651316.591,steps_lrtdp,"(33.62540522861454, ['vertex2', 'vertex3', 'vertex6', 'vertex3', 'vertex5', 'vertex4'])",0:05:14.042913
1351644992.298,steps_curr,"(36.52954406663558, ['vertex2', 'vertex6', 'vertex3', 'vertex5', 'vertex4'])",0:00:00.279435
1351644992.298,steps_avg,"(36.52954406663558, ['vertex2', 'vertex6', 'vertex3', 'vertex5', 'vertex4'])",0:00:00.221052
1351644992.298,steps_max,"(36.52954406663558, ['vertex2', 'vertex6', 'vertex3', 'vertex5', 'vertex4'])",0:00:00.220063
1351644992.298,steps_min,"(36.52954406663558, ['vertex2', 'vertex6', 'vertex3', 'vertex5', 'vertex4'])",0:00:00.223762
1351644992.298,steps_lrtdp,"(36.52954406663558, ['vertex2', 'vertex6', 'vertex3', 'vertex5', 'vertex4'])",0:02:39.812753
1351648037.488,steps_curr,"(31.25865622785571, ['vertex2', 'vertex3', 'vertex6', 'vertex5', 'vertex4'])",0:00:00.378027
1351648037.488,steps_avg,"(29.329544066635577, ['vertex2', 'vertex6', 'vertex3', 'vertex5', 'vertex4'])",0:00:00.304879
1351648037.488,steps_max,"(29.329544066635577, ['vertex2', 'vertex6', 'vertex3', 'vertex5', 'vertex4'])",0:00:00.305526
1351648037.488,steps_min,"(29.329544066635577, ['vertex2', 'vertex6', 'vertex3', 'vertex5', 'vertex4'])",0:00:00.311067
1351648037.488,steps_lrtdp,"(29.329544066635577, ['vertex2', 'vertex6', 'vertex3', 'vertex5', 'vertex4'])",0:04:30.374949
1351650953.42,steps_curr,"(46.129544066635574, ['vertex2', 'vertex6', 'vertex3', 'vertex5', 'vertex4'])",0:00:00.409751
1351650953.42,steps_avg,"(46.129544066635574, ['vertex2', 'vertex6', 'vertex3', 'vertex5', 'vertex4'])",0:00:00.340324
1351650953.42,steps_max,"(46.129544066635574, ['vertex2', 'vertex6', 'vertex3', 'vertex5', 'vertex4'])",0:00:00.340674
1351650953.42,steps_min,"(46.129544066635574, ['vertex2', 'vertex6', 'vertex3', 'vertex5', 'vertex4'])",0:00:00.340003
1351650953.42,steps_lrtdp,"(47.367093238278, ['vertex2', 'vertex6', 'vertex3', 'vertex6', 'vertex3', 'vertex5', 'vertex4'])",0:05:11.684041
1351648165.169,steps_curr,"(61.729544066635576, ['vertex2', 'vertex6', 'vertex3', 'vertex5', 'vertex4'])",0:00:00.455853
1351648165.169,steps_avg,"(61.729544066635576, ['vertex2', 'vertex6', 'vertex3', 'vertex5', 'vertex4'])",0:00:00.375481
1351648165.169,steps_max,"(61.729544066635576, ['vertex2', 'vertex6', 'vertex3', 'vertex5', 'vertex4'])",0:00:00.381806
1351648165.169,steps_min,"(61.729544066635576, ['vertex2', 'vertex6', 'vertex3', 'vertex5', 'vertex4'])",0:00:00.374184
1351648165.169,steps_lrtdp,"(88.7326446555183, ['vertex2', 'vertex6', 'vertex3', 'vertex5', 'vertex3', 'vertex5', 'vertex3', 'vertex5', 'vertex4'])",0:06:26.040273
1351643001.929,steps_curr,"(38.92954406663557, ['vertex2', 'vertex6', 'vertex3', 'vertex5', 'vertex4'])",0:00:00.362395
1351643001.929,steps_avg,"(38.92954406663557, ['vertex2', 'vertex6', 'vertex3', 'vertex5', 'vertex4'])",0:00:00.308430
1351643001.929,steps_max,"(38.92954406663557, ['vertex2', 'vertex6', 'vertex3', 'vertex5', 'vertex4'])",0:00:00.301152
1351643001.929,steps_min,"(38.92954406663557, ['vertex2', 'vertex6', 'vertex3', 'vertex5', 'vertex4'])",0:00:00.301085
1351643001.929,steps_lrtdp,"(38.92954406663557, ['vertex2', 'vertex6', 'vertex3', 'vertex5', 'vertex4'])",0:03:08.905180
1351648130.394,steps_curr,"(52.129544066635574, ['vertex2', 'vertex6', 'vertex3', 'vertex5', 'vertex4'])",0:00:00.504281
1351648130.394,steps_avg,"(52.129544066635574, ['vertex2', 'vertex6', 'vertex3', 'vertex5', 'vertex4'])",0:00:00.424908
1351648130.394,steps_max,"(52.129544066635574, ['vertex2', 'vertex6', 'vertex3', 'vertex5', 'vertex4'])",0:00:00.424501
1351648130.394,steps_min,"(52.129544066635574, ['vertex2', 'vertex6', 'vertex3', 'vertex5', 'vertex4'])",0:00:00.423792
1351648130.394,steps_lrtdp,"(58.65647792079159, ['vertex2', 'vertex6', 'vertex2', 'vertex3', 'vertex5', 'vertex4'])",0:07:24.670609
1351642699.771,steps_curr,"(31.25865622785571, ['vertex2', 'vertex3', 'vertex6', 'vertex5', 'vertex4'])",0:00:00.258740
1351642699.771,steps_avg,"(29.329544066635577, ['vertex2', 'vertex6', 'vertex3', 'vertex5', 'vertex4'])",0:00:00.205640
1351642699.771,steps_max,"(29.329544066635577, ['vertex2', 'vertex6', 'vertex3', 'vertex5', 'vertex4'])",0:00:00.204031
1351642699.771,steps_min,"(29.329544066635577, ['vertex2', 'vertex6', 'vertex3', 'vertex5', 'vertex4'])",0:00:00.206073
1351642699.771,steps_lrtdp,"(29.329544066635577, ['vertex2', 'vertex6', 'vertex3', 'vertex5', 'vertex4'])",0:02:56.168764
1351650881.671,steps_curr,"(44.92954406663557, ['vertex2', 'vertex6', 'vertex3', 'vertex5', 'vertex4'])",0:00:00.542464
1351650881.671,steps_avg,"(44.92954406663557, ['vertex2', 'vertex6', 'vertex3', 'vertex5', 'vertex4'])",0:00:00.442513
1351650881.671,steps_max,"(44.92954406663557, ['vertex2', 'vertex6', 'vertex3', 'vertex5', 'vertex4'])",0:00:00.438816
1351650881.671,steps_min,"(44.92954406663557, ['vertex2', 'vertex6', 'vertex3', 'vertex5', 'vertex4'])",0:00:00.440065
1351650881.671,steps_lrtdp,"(40.674758380296716, ['vertex2', 'vertex6', 'vertex3', 'vertex5', 'vertex3', 'vertex4'])",0:05:30.201107
1351644687.166,steps_curr,"(43.25865622785571, ['vertex2', 'vertex3', 'vertex6', 'vertex5', 'vertex4'])",0:00:00.349980
1351644687.166,steps_avg,"(29.329544066635577, ['vertex2', 'vertex6', 'vertex3', 'vertex5', 'vertex4'])",0:00:00.300896
1351644687.166,steps_max,"(29.329544066635577, ['vertex2', 'vertex6', 'vertex3', 'vertex5', 'vertex4'])",0:00:00.300188
1351644687.166,steps_min,"(29.329544066635577, ['vertex2', 'vertex6', 'vertex3', 'vertex5', 'vertex4'])",0:00:00.300788
1351644687.166,steps_lrtdp,"(29.329544066635577, ['vertex2', 'vertex6', 'vertex3', 'vertex5', 'vertex4'])",0:03:58.182882
1351642504.783,steps_curr,"(42.52954406663558, ['vertex2', 'vertex6', 'vertex3', 'vertex5', 'vertex4'])",0:00:00.283291
1351642504.783,steps_avg,"(42.52954406663558, ['vertex2', 'vertex6', 'vertex3', 'vertex5', 'vertex4'])",0:00:00.247380
1351642504.783,steps_max,"(42.52954406663558, ['vertex2', 'vertex6', 'vertex3', 'vertex5', 'vertex4'])",0:00:00.244953
1351642504.783,steps_min,"(42.52954406663558, ['vertex2', 'vertex6', 'vertex3', 'vertex5', 'vertex4'])",0:00:00.242953
1351642504.783,steps_lrtdp,"(36.60034423751916, ['vertex2', 'vertex6', 'vertex3', 'vertex6', 'vertex5', 'vertex4'])",0:02:34.895648
1351647575.408,steps_curr,"(75.65865622785572, ['vertex2', 'vertex3', 'vertex6', 'vertex5', 'vertex4'])",0:00:00.427549
1351647575.408,steps_avg,"(36.52954406663557, ['vertex2', 'vertex6', 'vertex3', 'vertex5', 'vertex4'])",0:00:00.351092
1351647575.408,steps_max,"(36.52954406663557, ['vertex2', 'vertex6', 'vertex3', 'vertex5', 'vertex4'])",0:00:00.346894
1351647575.408,steps_min,"(36.52954406663557, ['vertex2', 'vertex6', 'vertex3', 'vertex5', 'vertex4'])",0:00:00.346737
1351647575.408,steps_lrtdp,"(57.62540522861454, ['vertex2', 'vertex3', 'vertex6', 'vertex3', 'vertex5', 'vertex4'])",0:05:29.416759
1351649017.308,steps_curr,"(36.52954406663557, ['vertex2', 'vertex6', 'vertex3', 'vertex5', 'vertex4'])",0:00:00.306289
1351649017.308,steps_avg,"(36.52954406663557, ['vertex2', 'vertex6', 'vertex3', 'vertex5', 'vertex4'])",0:00:00.252016
1351649017.308,steps_max,"(36.52954406663557, ['vertex2', 'vertex6', 'vertex3', 'vertex5', 'vertex4'])",0:00:00.254413
1351649017.308,steps_min,"(36.52954406663557, ['vertex2', 'vertex6', 'vertex3', 'vertex5', 'vertex4'])",0:00:00.255145
1351649017.308,steps_lrtdp,"(36.567093238278, ['vertex2', 'vertex6', 'vertex3', 'vertex6', 'vertex3', 'vertex5', 'vertex4'])",0:03:36.325687
1351648301.82,steps_curr,"(61.729544066635576, ['vertex2', 'vertex6', 'vertex3', 'vertex5', 'vertex4'])",0:00:00.483193
1351648301.82,steps_avg,"(61.729544066635576, ['vertex2', 'vertex6', 'vertex3', 'vertex5', 'vertex4'])",0:00:00.400233
1351648301.82,steps_max,"(61.729544066635576, ['vertex2', 'vertex6', 'vertex3', 'vertex5', 'vertex4'])",0:00:00.401929
1351648301.82,steps_min,"(61.729544066635576, ['vertex2', 'vertex6', 'vertex3', 'vertex5', 'vertex4'])",0:00:00.398973
1351648301.82,steps_lrtdp,"(58.167093238278, ['vertex2', 'vertex6', 'vertex3', 'vertex6', 'vertex3', 'vertex5', 'vertex4'])",0:05:47.130144
1351649616.224,steps_curr,"(37.25865622785571, ['vertex2', 'vertex3', 'vertex6', 'vertex5', 'vertex4'])",0:00:00.454777
1351649616.224,steps_avg,"(40.129544066635574, ['vertex2', 'vertex6', 'vertex3', 'vertex5', 'vertex4'])",0:00:00.411634
1351649616.224,steps_max,"(40.129544066635574, ['vertex2', 'vertex6', 'vertex3', 'vertex5', 'vertex4'])",0:00:00.409854
1351649616.224,steps_min,"(40.129544066635574, ['vertex2', 'vertex6', 'vertex3', 'vertex5', 'vertex4'])",0:00:00.410750
1351649616.224,steps_lrtdp,"(40.129544066635574, ['vertex2', 'vertex6', 'vertex3', 'vertex5', 'vertex4'])",0:04:03.673618
1351642239.57,steps_curr,"(37.729544066635576, ['vertex2', 'vertex6', 'vertex3', 'vertex5', 'vertex4'])",0:00:00.286160
1351642239.57,steps_avg,"(37.729544066635576, ['vertex2', 'vertex6', 'vertex3', 'vertex5', 'vertex4'])",0:00:00.240211
1351642239.57,steps_max,"(37.729544066635576, ['vertex2', 'vertex6', 'vertex3', 'vertex5', 'vertex4'])",0:00:00.240246
1351642239.57,steps_min,"(37.729544066635576, ['vertex2', 'vertex6', 'vertex3', 'vertex5', 'vertex4'])",0:00:00.240284
1351642239.57,steps_lrtdp,"(36.60034423751916, ['vertex2', 'vertex6', 'vertex3', 'vertex6', 'vertex5', 'vertex4'])",0:03:08.390589
