1351651349.547,steps_curr,43.56227766016838,"[('vertex2', 0), ('vertex6', 0), ('vertex3', 1), ('vertex5', 8), ('vertex4', 8)]",0:00:00.724872,[0.724872]
1351651349.547,steps_avg,47.62493152998704,"[('vertex2', 0), ('vertex6', 0), ('vertex5', 4), ('vertex4', 8), ('vertex3', 5)]",0:00:00.750648,[0.750648]
1351651349.547,steps_max,47.62493152998704,"[('vertex2', 0), ('vertex6', 0), ('vertex5', 4), ('vertex4', 8), ('vertex3', 5)]",0:00:00.748170,[0.74817]
1351651349.547,steps_min,43.56227766016838,"[('vertex2', 0), ('vertex6', 0), ('vertex3', 1), ('vertex5', 8), ('vertex4', 8)]",0:00:00.761100,[0.7611]
1351651349.547,steps_lrtdp,42.8743013112623,"[('vertex2', 0), ('vertex6', 0), ('vertex3', 1), ('vertex6', 0), ('vertex5', 0), ('vertex4', 9)]",0:00:58.067179,"[21.452706, 8.855606, 5.543619, 6.251191, 4.788701, 4.708668, 5.462432]"
1351647527.338,steps_curr,23.162277660168378,"[('vertex2', 0), ('vertex6', 0), ('vertex3', 0), ('vertex5', 0), ('vertex4', 0)]",0:00:00.429334,[0.429334]
1351647527.338,steps_avg,27.22493152998704,"[('vertex2', 0), ('vertex6', 0), ('vertex5', 0), ('vertex4', 0), ('vertex3', 0)]",0:00:00.445833,[0.445833]
1351647527.338,steps_max,27.22493152998704,"[('vertex2', 0), ('vertex6', 0), ('vertex5', 0), ('vertex4', 0), ('vertex3', 0)]",0:00:00.451567,[0.451567]
1351647527.338,steps_min,23.162277660168378,"[('vertex2', 0), ('vertex6', 0), ('vertex3', 0), ('vertex5', 0), ('vertex4', 0)]",0:00:00.437062,[0.437062]
1351647527.338,steps_lrtdp,23.162277660168378,"[('vertex2', 0), ('vertex6', 0), ('vertex3', 0), ('vertex5', 0), ('vertex4', 0)]",0:00:36.045074,"[16.998868, 6.875072, 4.063818, 2.864786, 2.323452, 2.408966]"
1351650999.49,steps_curr,23.162277660168378,"[('vertex2', 0), ('vertex6', 0), ('vertex3', 0), ('vertex5', 0), ('vertex4', 0)]",0:00:00.544234,[0.544234]
1351650999.49,steps_avg,27.22493152998704,"[('vertex2', 0), ('vertex6', 0), ('vertex5', 0), ('vertex4', 0), ('vertex3', 0)]",0:00:00.583215,[0.583215]
1351650999.49,steps_max,27.22493152998704,"[('vertex2', 0), ('vertex6', 0), ('vertex5', 0), ('vertex4', 0), ('vertex3', 0)]",0:00:00.576515,[0.576515]
1351650999.49,steps_min,23.162277660168378,"[('vertex2', 0), ('vertex6', 0), ('vertex3', 0), ('vertex5', 0), ('vertex4', 0)]",0:00:00.540891,[0.540891]
1351650999.49,steps_lrtdp,23.162277660168378,"[('vertex2', 0), ('vertex6', 0), ('vertex3', 0), ('vertex5', 0), ('vertex4', 0)]",0:00:40.162508,"[18.191465, 7.090094, 3.607403, 4.039068, 3.049824, 3.599924]"
1351646766.203,steps_curr,23.162277660168378,"[('vertex2', 0), ('vertex6', 0), ('vertex3', 0), ('vertex5', 0), ('vertex4', 0)]",0:00:00.408162,[0.408162]
1351646766.203,steps_avg,27.22493152998704,"[('vertex2', 0), ('vertex6', 0), ('vertex5', 0), ('vertex4', 0), ('vertex3', 0)]",0:00:00.414969,[0.414969]
1351646766.203,steps_max,27.22493152998704,"[('vertex2', 0), ('vertex6', 0), ('vertex5', 0), ('vertex4', 0), ('vertex3', 0)]",0:00:00.420802,[0.420802]
1351646766.203,steps_min,23.162277660168378,"[('vertex2', 0), ('vertex6', 0), ('vertex3', 0), ('vertex5', 0), ('vertex4', 0)]",0:00:00.406968,[0.406968]
1351646766.203,steps_lrtdp,23.162277660168378,"[('vertex2', 0), ('vertex6', 0), ('vertex3', 0), ('vertex5', 0), ('vertex4', 0)]",0:00:41.763462,"[14.513331, 13.976047, 5.411548, 2.930006, 2.300036, 1.910866]"
1351647047.0,steps_curr,25.562277660168377,"[('vertex2', 0), ('vertex6', 0), ('vertex3', 2), ('vertex5', 0), ('vertex4', 0)]",0:00:00.323085,[0.323085]
1351647047.0,steps_avg,27.22493152998704,"[('vertex2', 0), ('vertex6', 0), ('vertex5', 0), ('vertex4', 0), ('vertex3', 0)]",0:00:00.328537,[0.328537]
1351647047.0,steps_max,27.22493152998704,"[('vertex2', 0), ('vertex6', 0), ('vertex5', 0), ('vertex4', 0), ('vertex3', 0)]",0:00:00.323033,[0.323033]
1351647047.0,steps_min,25.562277660168377,"[('vertex2', 0), ('vertex6', 0), ('vertex3', 2), ('vertex5', 0), ('vertex4', 0)]",0:00:00.330229,[0.330229]
1351647047.0,steps_lrtdp,24.324931529987037,"[('vertex2', 0), ('vertex6', 0), ('vertex5', 0), ('vertex3', 0), ('vertex4', 0)]",0:00:32.029682,"[17.718911, 6.58442, 2.685292, 1.717209, 1.759982, 1.191023]"
1351648463.573,steps_curr,23.162277660168378,"[('vertex2', 0), ('vertex6', 0), ('vertex3', 0), ('vertex5', 0), ('vertex4', 0)]",0:00:00.286025,[0.286025]
1351648463.573,steps_avg,27.22493152998704,"[('vertex2', 0), ('vertex6', 0), ('vertex5', 0), ('vertex4', 0), ('vertex3', 0)]",0:00:00.311243,[0.311243]
1351648463.573,steps_max,27.22493152998704,"[('vertex2', 0), ('vertex6', 0), ('vertex5', 0), ('vertex4', 0), ('vertex3', 0)]",0:00:00.310550,[0.31055]
1351648463.573,steps_min,23.162277660168378,"[('vertex2', 0), ('vertex6', 0), ('vertex3', 0), ('vertex5', 0), ('vertex4', 0)]",0:00:00.288704,[0.288704]
1351648463.573,steps_lrtdp,23.162277660168378,"[('vertex2', 0), ('vertex6', 0), ('vertex3', 0), ('vertex5', 0), ('vertex4', 0)]",0:00:29.186335,"[15.807607, 6.041855, 2.360599, 1.637014, 1.744496, 1.294697]"
1351646024.421,steps_curr,23.162277660168378,"[('vertex2', 0), ('vertex6', 0), ('vertex3', 0), ('vertex5', 0), ('vertex4', 0)]",0:00:00.266792,[0.266792]
1351646024.421,steps_avg,27.22493152998704,"[('vertex2', 0), ('vertex6', 0), ('vertex5', 0), ('vertex4', 0), ('vertex3', 0)]",0:00:00.271260,[0.27126]
1351646024.421,steps_max,27.22493152998704,"[('vertex2', 0), ('vertex6', 0), ('vertex5', 0), ('vertex4', 0), ('vertex3', 0)]",0:00:00.274174,[0.274174]
1351646024.421,steps_min,23.162277660168378,"[('vertex2', 0), ('vertex6', 0), ('vertex3', 0), ('vertex5', 0), ('vertex4', 0)]",0:00:00.270603,[0.270603]
1351646024.421,steps_lrtdp,23.162277660168378,"[('vertex2', 0), ('vertex6', 0), ('vertex3', 0), ('vertex5', 0), ('vertex4', 0)]",0:00:27.630984,"[14.727983, 5.856081, 2.328498, 1.452233, 1.614725, 1.381142]"
1351648569.311,steps_curr,23.162277660168378,"[('vertex2', 0), ('vertex6', 0), ('vertex3', 0), ('vertex5', 0), ('vertex4', 0)]",0:00:00.312819,[0.312819]
1351648569.311,steps_avg,27.22493152998704,"[('vertex2', 0), ('vertex6', 0), ('vertex5', 0), ('vertex4', 0), ('vertex3', 0)]",0:00:00.310136,[0.310136]
1351648569.311,steps_max,27.22493152998704,"[('vertex2', 0), ('vertex6', 0), ('vertex5', 0), ('vertex4', 0), ('vertex3', 0)]",0:00:00.306960,[0.30696]
1351648569.311,steps_min,23.162277660168378,"[('vertex2', 0), ('vertex6', 0), ('vertex3', 0), ('vertex5', 0), ('vertex4', 0)]",0:00:00.320483,[0.320483]
1351648569.311,steps_lrtdp,23.162277660168378,"[('vertex2', 0), ('vertex6', 0), ('vertex3', 0), ('vertex5', 0), ('vertex4', 0)]",0:00:42.603780,"[26.953606, 6.793969, 2.769892, 2.148452, 1.9477, 1.672812]"
1351646175.766,steps_curr,23.162277660168378,"[('vertex2', 0), ('vertex6', 0), ('vertex3', 0), ('vertex5', 0), ('vertex4', 0)]",0:00:00.371482,[0.371482]
1351646175.766,steps_avg,27.22493152998704,"[('vertex2', 0), ('vertex6', 0), ('vertex5', 0), ('vertex4', 0), ('vertex3', 0)]",0:00:00.379063,[0.379063]
1351646175.766,steps_max,27.22493152998704,"[('vertex2', 0), ('vertex6', 0), ('vertex5', 0), ('vertex4', 0), ('vertex3', 0)]",0:00:00.375797,[0.375797]
1351646175.766,steps_min,23.162277660168378,"[('vertex2', 0), ('vertex6', 0), ('vertex3', 0), ('vertex5', 0), ('vertex4', 0)]",0:00:00.382093,[0.382093]
1351646175.766,steps_lrtdp,23.162277660168378,"[('vertex2', 0), ('vertex6', 0), ('vertex3', 0), ('vertex5', 0), ('vertex4', 0)]",0:00:33.824167,"[18.180934, 7.32792, 2.644459, 1.975875, 1.74888, 1.503089]"
1351644262.636,steps_curr,24.36227766016838,"[('vertex2', 0), ('vertex6', 0), ('vertex3', 0), ('vertex5', 0), ('vertex4', 1)]",0:00:00.369342,[0.369342]
1351644262.636,steps_avg,39.22493152998704,"[('vertex2', 0), ('vertex6', 0), ('vertex5', 0), ('vertex4', 0), ('vertex3', 10)]",0:00:00.357806,[0.357806]
1351644262.636,steps_max,39.22493152998704,"[('vertex2', 0), ('vertex6', 0), ('vertex5', 0), ('vertex4', 0), ('vertex3', 10)]",0:00:00.371011,[0.371011]
1351644262.636,steps_min,24.36227766016838,"[('vertex2', 0), ('vertex6', 0), ('vertex3', 0), ('vertex5', 0), ('vertex4', 1)]",0:00:00.368381,[0.368381]
1351644262.636,steps_lrtdp,24.36227766016838,"[('vertex2', 0), ('vertex6', 0), ('vertex3', 0), ('vertex5', 0), ('vertex4', 1)]",0:00:31.815456,"[16.861298, 6.303956, 2.434387, 2.051667, 2.096663, 1.670163]"
1351643495.253,steps_curr,23.162277660168378,"[('vertex2', 0), ('vertex6', 0), ('vertex3', 0), ('vertex5', 0), ('vertex4', 0)]",0:00:00.441646,[0.441646]
1351643495.253,steps_avg,27.22493152998704,"[('vertex2', 0), ('vertex6', 0), ('vertex5', 0), ('vertex4', 0), ('vertex3', 0)]",0:00:00.541325,[0.541325]
1351643495.253,steps_max,27.22493152998704,"[('vertex2', 0), ('vertex6', 0), ('vertex5', 0), ('vertex4', 0), ('vertex3', 0)]",0:00:00.626716,[0.626716]
1351643495.253,steps_min,23.162277660168378,"[('vertex2', 0), ('vertex6', 0), ('vertex3', 0), ('vertex5', 0), ('vertex4', 0)]",0:00:00.701846,[0.701846]
1351643495.253,steps_lrtdp,23.162277660168378,"[('vertex2', 0), ('vertex6', 0), ('vertex3', 0), ('vertex5', 0), ('vertex4', 0)]",0:00:40.846849,"[24.982787, 7.018188, 2.643833, 2.397203, 2.087986, 1.299007]"
1351648943.591,steps_curr,23.162277660168378,"[('vertex2', 0), ('vertex6', 0), ('vertex3', 0), ('vertex5', 0), ('vertex4', 0)]",0:00:00.294453,[0.294453]
1351648943.591,steps_avg,27.22493152998704,"[('vertex2', 0), ('vertex6', 0), ('vertex5', 0), ('vertex4', 0), ('vertex3', 0)]",0:00:00.302057,[0.302057]
1351648943.591,steps_max,27.22493152998704,"[('vertex2', 0), ('vertex6', 0), ('vertex5', 0), ('vertex4', 0), ('vertex3', 0)]",0:00:00.315439,[0.315439]
1351648943.591,steps_min,23.162277660168378,"[('vertex2', 0), ('vertex6', 0), ('vertex3', 0), ('vertex5', 0), ('vertex4', 0)]",0:00:00.297620,[0.29762]
1351648943.591,steps_lrtdp,23.162277660168378,"[('vertex2', 0), ('vertex6', 0), ('vertex3', 0), ('vertex5', 0), ('vertex4', 0)]",0:00:32.741185,"[18.854146, 6.015904, 2.624935, 1.703399, 1.705311, 1.490358]"
1351650423.0,steps_curr,23.162277660168378,"[('vertex2', 0), ('vertex6', 0), ('vertex3', 0), ('vertex5', 0), ('vertex4', 0)]",0:00:00.543416,[0.543416]
1351650423.0,steps_avg,27.22493152998704,"[('vertex2', 0), ('vertex6', 0), ('vertex5', 0), ('vertex4', 0), ('vertex3', 0)]",0:00:00.525146,[0.525146]
1351650423.0,steps_max,27.22493152998704,"[('vertex2', 0), ('vertex6', 0), ('vertex5', 0), ('vertex4', 0), ('vertex3', 0)]",0:00:00.522623,[0.522623]
1351650423.0,steps_min,23.162277660168378,"[('vertex2', 0), ('vertex6', 0), ('vertex3', 0), ('vertex5', 0), ('vertex4', 0)]",0:00:00.530746,[0.530746]
1351650423.0,steps_lrtdp,23.162277660168378,"[('vertex2', 0), ('vertex6', 0), ('vertex3', 0), ('vertex5', 0), ('vertex4', 0)]",0:00:36.110582,"[14.673526, 7.273841, 4.034195, 3.335586, 3.465565, 2.734594]"
1351647935.174,steps_curr,23.162277660168378,"[('vertex2', 0), ('vertex6', 0), ('vertex3', 0), ('vertex5', 0), ('vertex4', 0)]",0:00:00.844570,[0.84457]
1351647935.174,steps_avg,27.22493152998704,"[('vertex2', 0), ('vertex6', 0), ('vertex5', 0), ('vertex4', 0), ('vertex3', 0)]",0:00:00.835889,[0.835889]
1351647935.174,steps_max,27.22493152998704,"[('vertex2', 0), ('vertex6', 0), ('vertex5', 0), ('vertex4', 0), ('vertex3', 0)]",0:00:00.843131,[0.843131]
1351647935.174,steps_min,23.162277660168378,"[('vertex2', 0), ('vertex6', 0), ('vertex3', 0), ('vertex5', 0), ('vertex4', 0)]",0:00:00.852549,[0.852549]
1351647935.174,steps_lrtdp,23.162277660168378,"[('vertex2', 0), ('vertex6', 0), ('vertex3', 0), ('vertex5', 0), ('vertex4', 0)]",0:00:41.133087,"[24.593751, 6.879365, 3.122109, 2.187793, 1.806967, 2.088531]"
1351644186.617,steps_curr,23.162277660168378,"[('vertex2', 0), ('vertex6', 0), ('vertex3', 0), ('vertex5', 0), ('vertex4', 0)]",0:00:00.221936,[0.221936]
1351644186.617,steps_avg,27.22493152998704,"[('vertex2', 0), ('vertex6', 0), ('vertex5', 0), ('vertex4', 0), ('vertex3', 0)]",0:00:00.231748,[0.231748]
1351644186.617,steps_max,27.22493152998704,"[('vertex2', 0), ('vertex6', 0), ('vertex5', 0), ('vertex4', 0), ('vertex3', 0)]",0:00:00.231806,[0.231806]
1351644186.617,steps_min,23.162277660168378,"[('vertex2', 0), ('vertex6', 0), ('vertex3', 0), ('vertex5', 0), ('vertex4', 0)]",0:00:00.228802,[0.228802]
1351644186.617,steps_lrtdp,23.162277660168378,"[('vertex2', 0), ('vertex6', 0), ('vertex3', 0), ('vertex5', 0), ('vertex4', 0)]",0:00:23.451107,"[11.833626, 5.301801, 1.80848, 1.413509, 1.483088, 1.347734]"
1351645749.881,steps_curr,23.162277660168378,"[('vertex2', 0), ('vertex6', 0), ('vertex3', 0), ('vertex5', 0), ('vertex4', 0)]",0:00:00.109544,[0.109544]
1351645749.881,steps_avg,27.22493152998704,"[('vertex2', 0), ('vertex6', 0), ('vertex5', 0), ('vertex4', 0), ('vertex3', 0)]",0:00:00.110456,[0.110456]
1351645749.881,steps_max,27.22493152998704,"[('vertex2', 0), ('vertex6', 0), ('vertex5', 0), ('vertex4', 0), ('vertex3', 0)]",0:00:00.112584,[0.112584]
1351645749.881,steps_min,23.162277660168378,"[('vertex2', 0), ('vertex6', 0), ('vertex3', 0), ('vertex5', 0), ('vertex4', 0)]",0:00:00.112337,[0.112337]
1351645749.881,steps_lrtdp,23.162277660168378,"[('vertex2', 0), ('vertex6', 0), ('vertex3', 0), ('vertex5', 0), ('vertex4', 0)]",0:00:20.762236,"[11.631647, 5.231727, 1.625163, 0.915092, 0.722842, 0.48901]"
1351651158.674,steps_curr,23.162277660168378,"[('vertex2', 0), ('vertex6', 0), ('vertex3', 0), ('vertex5', 0), ('vertex4', 0)]",0:00:00.646870,[0.64687]
1351651158.674,steps_avg,27.22493152998704,"[('vertex2', 0), ('vertex6', 0), ('vertex5', 0), ('vertex4', 0), ('vertex3', 0)]",0:00:00.633781,[0.633781]
1351651158.674,steps_max,27.22493152998704,"[('vertex2', 0), ('vertex6', 0), ('vertex5', 0), ('vertex4', 0), ('vertex3', 0)]",0:00:00.635490,[0.63549]
1351651158.674,steps_min,23.162277660168378,"[('vertex2', 0), ('vertex6', 0), ('vertex3', 0), ('vertex5', 0), ('vertex4', 0)]",0:00:00.648464,[0.648464]
1351651158.674,steps_lrtdp,23.162277660168378,"[('vertex2', 0), ('vertex6', 0), ('vertex3', 0), ('vertex5', 0), ('vertex4', 0)]",0:00:55.471586,"[25.574226, 8.895241, 8.714134, 5.455565, 3.223512, 2.484796]"
1351649955.723,steps_curr,29.162277660168378,"[('vertex2', 5), ('vertex6', 0), ('vertex3', 0), ('vertex5', 0), ('vertex4', 0)]",0:00:00.372647,[0.372647]
1351649955.723,steps_avg,33.22493152998703,"[('vertex2', 5), ('vertex6', 0), ('vertex5', 0), ('vertex4', 0), ('vertex3', 0)]",0:00:00.373813,[0.373813]
1351649955.723,steps_max,33.22493152998703,"[('vertex2', 5), ('vertex6', 0), ('vertex5', 0), ('vertex4', 0), ('vertex3', 0)]",0:00:00.374879,[0.374879]
1351649955.723,steps_min,29.162277660168378,"[('vertex2', 5), ('vertex6', 0), ('vertex3', 0), ('vertex5', 0), ('vertex4', 0)]",0:00:00.381138,[0.381138]
1351649955.723,steps_lrtdp,27.571747130980242,"[('vertex6', 0), ('vertex2', 0), ('vertex5', 0), ('vertex3', 0), ('vertex4', 0)]",0:00:40.762422,"[24.709052, 7.728132, 2.169136, 2.074645, 1.654928, 1.971003]"
1351648517.098,steps_curr,23.162277660168378,"[('vertex2', 0), ('vertex6', 0), ('vertex3', 0), ('vertex5', 0), ('vertex4', 0)]",0:00:00.526496,[0.526496]
1351648517.098,steps_avg,27.22493152998704,"[('vertex2', 0), ('vertex6', 0), ('vertex5', 0), ('vertex4', 0), ('vertex3', 0)]",0:00:00.517441,[0.517441]
1351648517.098,steps_max,27.22493152998704,"[('vertex2', 0), ('vertex6', 0), ('vertex5', 0), ('vertex4', 0), ('vertex3', 0)]",0:00:00.508790,[0.50879]
1351648517.098,steps_min,23.162277660168378,"[('vertex2', 0), ('vertex6', 0), ('vertex3', 0), ('vertex5', 0), ('vertex4', 0)]",0:00:00.509899,[0.509899]
1351648517.098,steps_lrtdp,23.162277660168378,"[('vertex2', 0), ('vertex6', 0), ('vertex3', 0), ('vertex5', 0), ('vertex4', 0)]",0:00:40.084370,"[22.037859, 8.044119, 2.786089, 2.260704, 1.676788, 2.69692]"
1351649339.27,steps_curr,23.162277660168378,"[('vertex2', 0), ('vertex6', 0), ('vertex3', 0), ('vertex5', 0), ('vertex4', 0)]",0:00:00.898549,[0.898549]
1351649339.27,steps_avg,27.22493152998704,"[('vertex2', 0), ('vertex6', 0), ('vertex5', 0), ('vertex4', 0), ('vertex3', 0)]",0:00:00.953801,[0.953801]
1351649339.27,steps_max,27.22493152998704,"[('vertex2', 0), ('vertex6', 0), ('vertex5', 0), ('vertex4', 0), ('vertex3', 0)]",0:00:00.924050,[0.92405]
1351649339.27,steps_min,23.162277660168378,"[('vertex2', 0), ('vertex6', 0), ('vertex3', 0), ('vertex5', 0), ('vertex4', 0)]",0:00:00.899434,[0.899434]
1351649339.27,steps_lrtdp,23.162277660168378,"[('vertex2', 0), ('vertex6', 0), ('vertex3', 0), ('vertex5', 0), ('vertex4', 0)]",0:00:43.707687,"[26.662375, 6.503021, 3.520577, 2.496698, 2.193896, 1.90158]"
1351647770.436,steps_curr,23.162277660168378,"[('vertex2', 0), ('vertex6', 0), ('vertex3', 0), ('vertex5', 0), ('vertex4', 0)]",0:00:00.552267,[0.552267]
1351647770.436,steps_avg,27.22493152998704,"[('vertex2', 0), ('vertex6', 0), ('vertex5', 0), ('vertex4', 0), ('vertex3', 0)]",0:00:00.588490,[0.58849]
1351647770.436,steps_max,27.22493152998704,"[('vertex2', 0), ('vertex6', 0), ('vertex5', 0), ('vertex4', 0), ('vertex3', 0)]",0:00:00.576052,[0.576052]
1351647770.436,steps_min,23.162277660168378,"[('vertex2', 0), ('vertex6', 0), ('vertex3', 0), ('vertex5', 0), ('vertex4', 0)]",0:00:00.544840,[0.54484]
1351647770.436,steps_lrtdp,23.162277660168378,"[('vertex2', 0), ('vertex6', 0), ('vertex3', 0), ('vertex5', 0), ('vertex4', 0)]",0:00:40.732072,"[21.115968, 7.316063, 2.995531, 3.094243, 2.534095, 3.044673]"
1351647808.246,steps_curr,23.162277660168378,"[('vertex2', 0), ('vertex6', 0), ('vertex3', 0), ('vertex5', 0), ('vertex4', 0)]",0:00:00.591027,[0.591027]
1351647808.246,steps_avg,27.22493152998704,"[('vertex2', 0), ('vertex6', 0), ('vertex5', 0), ('vertex4', 0), ('vertex3', 0)]",0:00:00.573757,[0.573757]
1351647808.246,steps_max,27.22493152998704,"[('vertex2', 0), ('vertex6', 0), ('vertex5', 0), ('vertex4', 0), ('vertex3', 0)]",0:00:00.555146,[0.555146]
1351647808.246,steps_min,23.162277660168378,"[('vertex2', 0), ('vertex6', 0), ('vertex3', 0), ('vertex5', 0), ('vertex4', 0)]",0:00:00.557866,[0.557866]
1351647808.246,steps_lrtdp,23.162277660168378,"[('vertex2', 0), ('vertex6', 0), ('vertex3', 0), ('vertex5', 0), ('vertex4', 0)]",0:00:51.769439,"[21.557463, 16.760629, 4.035536, 3.434925, 2.160611, 2.941591]"
1351646115.197,steps_curr,23.162277660168378,"[('vertex2', 0), ('vertex6', 0), ('vertex3', 0), ('vertex5', 0), ('vertex4', 0)]",0:00:00.315828,[0.315828]
1351646115.197,steps_avg,28.424931529987038,"[('vertex2', 0), ('vertex6', 0), ('vertex5', 0), ('vertex4', 1), ('vertex3', 0)]",0:00:00.337141,[0.337141]
1351646115.197,steps_max,28.424931529987038,"[('vertex2', 0), ('vertex6', 0), ('vertex5', 0), ('vertex4', 1), ('vertex3', 0)]",0:00:00.340381,[0.340381]
1351646115.197,steps_min,23.162277660168378,"[('vertex2', 0), ('vertex6', 0), ('vertex3', 0), ('vertex5', 0), ('vertex4', 0)]",0:00:00.327766,[0.327766]
1351646115.197,steps_lrtdp,23.162277660168378,"[('vertex2', 0), ('vertex6', 0), ('vertex3', 0), ('vertex5', 0), ('vertex4', 0)]",0:00:29.124870,"[14.760974, 6.166283, 2.918112, 1.96674, 1.745858, 1.199412]"
1351651058.863,steps_curr,23.162277660168378,"[('vertex2', 0), ('vertex6', 0), ('vertex3', 0), ('vertex5', 0), ('vertex4', 0)]",0:00:00.807943,[0.807943]
1351651058.863,steps_avg,27.22493152998704,"[('vertex2', 0), ('vertex6', 0), ('vertex5', 0), ('vertex4', 0), ('vertex3', 0)]",0:00:00.782453,[0.782453]
1351651058.863,steps_max,27.22493152998704,"[('vertex2', 0), ('vertex6', 0), ('vertex5', 0), ('vertex4', 0), ('vertex3', 0)]",0:00:00.801046,[0.801046]
1351651058.863,steps_min,23.162277660168378,"[('vertex2', 0), ('vertex6', 0), ('vertex3', 0), ('vertex5', 0), ('vertex4', 0)]",0:00:00.798705,[0.798705]
1351651058.863,steps_lrtdp,23.162277660168378,"[('vertex2', 0), ('vertex6', 0), ('vertex3', 0), ('vertex5', 0), ('vertex4', 0)]",0:00:56.141933,"[19.627043, 7.876014, 4.458582, 4.718145, 9.348978, 8.678981]"
1351644080.68,steps_curr,23.162277660168378,"[('vertex2', 0), ('vertex6', 0), ('vertex3', 0), ('vertex5', 0), ('vertex4', 0)]",0:00:00.175933,[0.175933]
1351644080.68,steps_avg,27.22493152998704,"[('vertex2', 0), ('vertex6', 0), ('vertex5', 0), ('vertex4', 0), ('vertex3', 0)]",0:00:00.168578,[0.168578]
1351644080.68,steps_max,27.22493152998704,"[('vertex2', 0), ('vertex6', 0), ('vertex5', 0), ('vertex4', 0), ('vertex3', 0)]",0:00:00.181193,[0.181193]
1351644080.68,steps_min,23.162277660168378,"[('vertex2', 0), ('vertex6', 0), ('vertex3', 0), ('vertex5', 0), ('vertex4', 0)]",0:00:00.179433,[0.179433]
1351644080.68,steps_lrtdp,23.162277660168378,"[('vertex2', 0), ('vertex6', 0), ('vertex3', 0), ('vertex5', 0), ('vertex4', 0)]",0:00:21.525025,"[11.999347, 5.497151, 1.482135, 0.951113, 0.742435, 0.697241]"
1351647475.0,steps_curr,23.162277660168378,"[('vertex2', 0), ('vertex6', 0), ('vertex3', 0), ('vertex5', 0), ('vertex4', 0)]",0:00:00.481131,[0.481131]
1351647475.0,steps_avg,27.22493152998704,"[('vertex2', 0), ('vertex6', 0), ('vertex5', 0), ('vertex4', 0), ('vertex3', 0)]",0:00:00.471417,[0.471417]
1351647475.0,steps_max,27.22493152998704,"[('vertex2', 0), ('vertex6', 0), ('vertex5', 0), ('vertex4', 0), ('vertex3', 0)]",0:00:00.493115,[0.493115]
1351647475.0,steps_min,23.162277660168378,"[('vertex2', 0), ('vertex6', 0), ('vertex3', 0), ('vertex5', 0), ('vertex4', 0)]",0:00:00.470120,[0.47012]
1351647475.0,steps_lrtdp,23.162277660168378,"[('vertex2', 0), ('vertex6', 0), ('vertex3', 0), ('vertex5', 0), ('vertex4', 0)]",0:00:33.777027,"[17.624441, 6.73938, 2.860629, 2.036186, 1.79583, 2.211825]"
1351644411.427,steps_curr,36.36227766016838,"[('vertex2', 0), ('vertex6', 0), ('vertex3', 10), ('vertex5', 0), ('vertex4', 1)]",0:00:00.315384,[0.315384]
1351644411.427,steps_avg,32.024931529987036,"[('vertex2', 0), ('vertex6', 0), ('vertex5', 1), ('vertex4', 0), ('vertex3', 3)]",0:00:00.322262,[0.322262]
1351644411.427,steps_max,32.024931529987036,"[('vertex2', 0), ('vertex6', 0), ('vertex5', 1), ('vertex4', 0), ('vertex3', 3)]",0:00:00.322693,[0.322693]
1351644411.427,steps_min,36.36227766016838,"[('vertex2', 0), ('vertex6', 0), ('vertex3', 10), ('vertex5', 0), ('vertex4', 1)]",0:00:00.313493,[0.313493]
1351644411.427,steps_lrtdp,25.52493152998704,"[('vertex2', 0), ('vertex6', 0), ('vertex5', 1), ('vertex3', 0), ('vertex4', 0)]",0:00:45.224321,"[19.243775, 15.760062, 3.195041, 2.471363, 2.197331, 1.833577]"
1351650423.271,steps_curr,23.162277660168378,"[('vertex2', 0), ('vertex6', 0), ('vertex3', 0), ('vertex5', 0), ('vertex4', 0)]",0:00:00.573637,[0.573637]
1351650423.271,steps_avg,27.22493152998704,"[('vertex2', 0), ('vertex6', 0), ('vertex5', 0), ('vertex4', 0), ('vertex3', 0)]",0:00:00.549993,[0.549993]
1351650423.271,steps_max,27.22493152998704,"[('vertex2', 0), ('vertex6', 0), ('vertex5', 0), ('vertex4', 0), ('vertex3', 0)]",0:00:00.549434,[0.549434]
1351650423.271,steps_min,23.162277660168378,"[('vertex2', 0), ('vertex6', 0), ('vertex3', 0), ('vertex5', 0), ('vertex4', 0)]",0:00:00.563517,[0.563517]
1351650423.271,steps_lrtdp,23.162277660168378,"[('vertex2', 0), ('vertex6', 0), ('vertex3', 0), ('vertex5', 0), ('vertex4', 0)]",0:00:35.394767,"[15.074368, 7.126199, 3.583852, 3.172728, 3.2137, 2.632875]"
1351645952.929,steps_curr,23.162277660168378,"[('vertex2', 0), ('vertex6', 0), ('vertex3', 0), ('vertex5', 0), ('vertex4', 0)]",0:00:00.333168,[0.333168]
1351645952.929,steps_avg,27.22493152998704,"[('vertex2', 0), ('vertex6', 0), ('vertex5', 0), ('vertex4', 0), ('vertex3', 0)]",0:00:00.332914,[0.332914]
1351645952.929,steps_max,27.22493152998704,"[('vertex2', 0), ('vertex6', 0), ('vertex5', 0), ('vertex4', 0), ('vertex3', 0)]",0:00:00.332412,[0.332412]
1351645952.929,steps_min,23.162277660168378,"[('vertex2', 0), ('vertex6', 0), ('vertex3', 0), ('vertex5', 0), ('vertex4', 0)]",0:00:00.334911,[0.334911]
1351645952.929,steps_lrtdp,23.162277660168378,"[('vertex2', 0), ('vertex6', 0), ('vertex3', 0), ('vertex5', 0), ('vertex4', 0)]",0:00:31.659424,"[15.340576, 5.894528, 3.164878, 2.409093, 2.387041, 2.074916]"
1351649169.963,steps_curr,27.962277660168375,"[('vertex2', 0), ('vertex6', 4), ('vertex3', 0), ('vertex5', 0), ('vertex4', 0)]",0:00:00.329135,[0.329135]
1351649169.963,steps_avg,32.02493152998704,"[('vertex2', 0), ('vertex6', 4), ('vertex5', 0), ('vertex4', 0), ('vertex3', 0)]",0:00:00.342972,[0.342972]
1351649169.963,steps_max,32.02493152998704,"[('vertex2', 0), ('vertex6', 4), ('vertex5', 0), ('vertex4', 0), ('vertex3', 0)]",0:00:00.336363,[0.336363]
1351649169.963,steps_min,27.962277660168375,"[('vertex2', 0), ('vertex6', 4), ('vertex3', 0), ('vertex5', 0), ('vertex4', 0)]",0:00:00.345175,[0.345175]
1351649169.963,steps_lrtdp,25.257447133201403,"[('vertex2', 0), ('vertex1', 1), ('vertex6', 0), ('vertex3', 0), ('vertex5', 0), ('vertex4', 0)]",0:00:53.820475,"[17.312628, 11.00778, 12.488469, 5.346284, 2.78099, 1.836086, 2.331123]"
1351651036.338,steps_curr,24.36227766016838,"[('vertex2', 0), ('vertex6', 1), ('vertex3', 0), ('vertex5', 0), ('vertex4', 0)]",0:00:00.698712,[0.698712]
1351651036.338,steps_avg,30.82493152998704,"[('vertex2', 0), ('vertex6', 1), ('vertex5', 0), ('vertex4', 0), ('vertex3', 2)]",0:00:00.808916,[0.808916]
1351651036.338,steps_max,30.82493152998704,"[('vertex2', 0), ('vertex6', 1), ('vertex5', 0), ('vertex4', 0), ('vertex3', 2)]",0:00:00.779564,[0.779564]
1351651036.338,steps_min,24.36227766016838,"[('vertex2', 0), ('vertex6', 1), ('vertex3', 0), ('vertex5', 0), ('vertex4', 0)]",0:00:00.715683,[0.715683]
1351651036.338,steps_lrtdp,26.420101003020065,"[('vertex2', 0), ('vertex1', 0), ('vertex6', 0), ('vertex5', 0), ('vertex3', 0), ('vertex4', 1)]",0:00:55.861875,"[23.9565, 10.66417, 6.920064, 4.088052, 3.152212, 3.079897, 3.109054]"
1351650538.285,steps_curr,23.162277660168378,"[('vertex2', 0), ('vertex6', 0), ('vertex3', 0), ('vertex5', 0), ('vertex4', 0)]",0:00:00.481845,[0.481845]
1351650538.285,steps_avg,27.22493152998704,"[('vertex2', 0), ('vertex6', 0), ('vertex5', 0), ('vertex4', 0), ('vertex3', 0)]",0:00:00.479698,[0.479698]
1351650538.285,steps_max,27.22493152998704,"[('vertex2', 0), ('vertex6', 0), ('vertex5', 0), ('vertex4', 0), ('vertex3', 0)]",0:00:00.482217,[0.482217]
1351650538.285,steps_min,23.162277660168378,"[('vertex2', 0), ('vertex6', 0), ('vertex3', 0), ('vertex5', 0), ('vertex4', 0)]",0:00:00.484464,[0.484464]
1351650538.285,steps_lrtdp,23.162277660168378,"[('vertex2', 0), ('vertex6', 0), ('vertex3', 0), ('vertex5', 0), ('vertex4', 0)]",0:00:43.386273,"[18.129856, 8.350586, 5.487484, 5.081236, 3.30918, 2.013623]"
1351648873.953,steps_curr,23.162277660168378,"[('vertex2', 0), ('vertex6', 0), ('vertex3', 0), ('vertex5', 0), ('vertex4', 0)]",0:00:00.323293,[0.323293]
1351648873.953,steps_avg,27.22493152998704,"[('vertex2', 0), ('vertex6', 0), ('vertex5', 0), ('vertex4', 0), ('vertex3', 0)]",0:00:00.309103,[0.309103]
1351648873.953,steps_max,27.22493152998704,"[('vertex2', 0), ('vertex6', 0), ('vertex5', 0), ('vertex4', 0), ('vertex3', 0)]",0:00:00.305877,[0.305877]
1351648873.953,steps_min,23.162277660168378,"[('vertex2', 0), ('vertex6', 0), ('vertex3', 0), ('vertex5', 0), ('vertex4', 0)]",0:00:00.318588,[0.318588]
1351648873.953,steps_lrtdp,23.162277660168378,"[('vertex2', 0), ('vertex6', 0), ('vertex3', 0), ('vertex5', 0), ('vertex4', 0)]",0:00:32.320398,"[17.766059, 6.504172, 2.41661, 2.042075, 1.64549, 1.560331]"
1351643664.117,steps_curr,29.162277660168378,"[('vertex2', 0), ('vertex6', 0), ('vertex3', 5), ('vertex5', 0), ('vertex4', 0)]",0:00:00.286500,[0.2865]
1351643664.117,steps_avg,32.02493152998704,"[('vertex2', 0), ('vertex6', 0), ('vertex5', 4), ('vertex4', 0), ('vertex3', 0)]",0:00:00.303735,[0.303735]
1351643664.117,steps_max,32.02493152998704,"[('vertex2', 0), ('vertex6', 0), ('vertex5', 4), ('vertex4', 0), ('vertex3', 0)]",0:00:00.301741,[0.301741]
1351643664.117,steps_min,29.162277660168378,"[('vertex2', 0), ('vertex6', 0), ('vertex3', 5), ('vertex5', 0), ('vertex4', 0)]",0:00:00.282083,[0.282083]
1351643664.117,steps_lrtdp,29.124931529987037,"[('vertex2', 0), ('vertex6', 0), ('vertex5', 4), ('vertex3', 0), ('vertex4', 0)]",0:00:29.225300,"[14.226674, 5.836683, 2.968036, 2.267871, 1.642362, 1.94778]"
1351648641.592,steps_curr,23.162277660168378,"[('vertex2', 0), ('vertex6', 0), ('vertex3', 0), ('vertex5', 0), ('vertex4', 0)]",0:00:00.299739,[0.299739]
1351648641.592,steps_avg,27.22493152998704,"[('vertex2', 0), ('vertex6', 0), ('vertex5', 0), ('vertex4', 0), ('vertex3', 0)]",0:00:00.312133,[0.312133]
1351648641.592,steps_max,27.22493152998704,"[('vertex2', 0), ('vertex6', 0), ('vertex5', 0), ('vertex4', 0), ('vertex3', 0)]",0:00:00.318706,[0.318706]
1351648641.592,steps_min,23.162277660168378,"[('vertex2', 0), ('vertex6', 0), ('vertex3', 0), ('vertex5', 0), ('vertex4', 0)]",0:00:00.298858,[0.298858]
1351648641.592,steps_lrtdp,23.162277660168378,"[('vertex2', 0), ('vertex6', 0), ('vertex3', 0), ('vertex5', 0), ('vertex4', 0)]",0:00:44.381069,"[21.880632, 13.454443, 3.56788, 1.946626, 1.45584, 1.562789]"
1351642058.707,steps_curr,23.162277660168378,"[('vertex2', 0), ('vertex6', 0), ('vertex3', 0), ('vertex5', 0), ('vertex4', 0)]",0:00:00.143221,[0.143221]
1351642058.707,steps_avg,27.22493152998704,"[('vertex2', 0), ('vertex6', 0), ('vertex5', 0), ('vertex4', 0), ('vertex3', 0)]",0:00:00.154497,[0.154497]
1351642058.707,steps_max,27.22493152998704,"[('vertex2', 0), ('vertex6', 0), ('vertex5', 0), ('vertex4', 0), ('vertex3', 0)]",0:00:00.151756,[0.151756]
1351642058.707,steps_min,23.162277660168378,"[('vertex2', 0), ('vertex6', 0), ('vertex3', 0), ('vertex5', 0), ('vertex4', 0)]",0:00:00.143714,[0.143714]
1351642058.707,steps_lrtdp,23.162277660168378,"[('vertex2', 0), ('vertex6', 0), ('vertex3', 0), ('vertex5', 0), ('vertex4', 0)]",0:00:21.804019,"[11.062783, 4.90032, 1.789763, 1.328464, 1.261576, 1.269654]"
